-- phpMyAdmin SQL Dump
-- version 5.2.1
-- https://www.phpmyadmin.net/
--
-- Host: 127.0.0.1
-- Generation Time: Jun 23, 2024 at 02:45 PM
-- Server version: 10.4.28-MariaDB
-- PHP Version: 8.2.4

SET SQL_MODE = "NO_AUTO_VALUE_ON_ZERO";
START TRANSACTION;
SET time_zone = "+00:00";


/*!40101 SET @OLD_CHARACTER_SET_CLIENT=@@CHARACTER_SET_CLIENT */;
/*!40101 SET @OLD_CHARACTER_SET_RESULTS=@@CHARACTER_SET_RESULTS */;
/*!40101 SET @OLD_COLLATION_CONNECTION=@@COLLATION_CONNECTION */;
/*!40101 SET NAMES utf8mb4 */;

--
-- Database: `anak`
--

-- --------------------------------------------------------

--
-- Table structure for table `anaks`
--

CREATE TABLE `anaks` (
  `id` int(11) NOT NULL,
  `id_user` int(11) DEFAULT NULL,
  `nama` varchar(255) NOT NULL,
  `tanggal_lahir` date NOT NULL,
  `jenis_kelamin` enum('Laki-laki','Perempuan') NOT NULL,
  `berat` int(11) NOT NULL,
  `tinggi` int(11) NOT NULL
) ENGINE=InnoDB DEFAULT CHARSET=utf8mb4 COLLATE=utf8mb4_general_ci;

--
-- Dumping data for table `anaks`
--

INSERT INTO `anaks` (`id`, `id_user`, `nama`, `tanggal_lahir`, `jenis_kelamin`, `berat`, `tinggi`) VALUES
(1, 2, 'Alya', '2020-01-15', 'Perempuan', 15, 95),
(2, 2, 'Bima', '2018-07-25', 'Laki-laki', 18, 105),
(3, 2, 'Citra', '2019-03-12', 'Perempuan', 16, 100),
(4, 3, 'Dimas', '2021-11-20', 'Laki-laki', 12, 85),
(5, 3, 'Eka', '2019-08-05', 'Laki-laki', 17, 102),
(6, 4, 'Fajar', '2022-05-18', 'Laki-laki', 10, 75),
(7, 4, 'Gita', '2020-04-30', 'Perempuan', 14, 90),
(8, 4, 'Hani', '2018-12-10', 'Perempuan', 19, 108),
(9, 5, 'Ira', '2019-11-22', 'Perempuan', 16, 98),
(10, 6, 'Joko', '2021-02-14', 'Laki-laki', 13, 88),
(11, 5, 'Langit', '2020-12-31', 'Laki-laki', 13, 100),
(12, 5, 'serayu', '2023-06-07', 'Perempuan', 60, 70),
(13, 5, 'serayu', '2023-06-07', 'Perempuan', 60, 70),
(14, 5, 'serayu', '2023-06-07', 'Perempuan', 60, 70),
(15, 29, 'DHITTA PUSPA ARIANI, S.Pd.', '2022-02-05', 'Laki-laki', 33, 120),
(16, 29, 'DHITTA PUSPA ARIANI, S.Pd.', '2022-02-05', 'Laki-laki', 33, 120),
(17, 29, 'Daviandra', '2024-06-14', 'Laki-laki', 34, 555),
(18, 6, 'Della Rachmatika Noer Intanty', '2024-05-28', 'Laki-laki', 67, 666),
(19, 6, 'Della Rachmatika Noer Intanty', '2024-05-28', 'Laki-laki', 67, 666),
(20, 6, 'dddd', '2024-06-06', 'Perempuan', 34, 4),
(21, 6, 'Laptop MSI', '2024-06-05', 'Laki-laki', 67, 890),
(22, 5, 'Gea', '2024-05-29', 'Perempuan', 12, 100);

--
-- Triggers `anaks`
--
DELIMITER $$
CREATE TRIGGER `after_anak_insert` AFTER INSERT ON `anaks` FOR EACH ROW BEGIN
    DECLARE done INT DEFAULT 0;
    DECLARE jenis_id INT;

    -- Cursor untuk iterasi tabel jenis_vaksin
    DECLARE jenis_cursor CURSOR FOR
        SELECT id FROM jenis_vaksin;

    DECLARE CONTINUE HANDLER FOR NOT FOUND SET done = 1;

    OPEN jenis_cursor;

    jenis_loop: LOOP
        FETCH jenis_cursor INTO jenis_id;
        IF done THEN
            LEAVE jenis_loop;
        END IF;

        -- Insert ke tabel vaksin_anak untuk setiap jenis vaksin
        INSERT INTO vaksin_anak (id_anak, id_posyandu, id_jenis, tanggal, status)
        VALUES (NEW.id, NULL, jenis_id, NULL, 'belum');
    END LOOP;

    CLOSE jenis_cursor;
END
$$
DELIMITER ;

-- --------------------------------------------------------

--
-- Table structure for table `artikel`
--

CREATE TABLE `artikel` (
  `id` int(11) NOT NULL,
  `judul` varchar(255) DEFAULT NULL,
  `pengarang` varchar(255) DEFAULT NULL,
  `link` varchar(255) DEFAULT NULL,
  `status` enum('acc','pending') DEFAULT NULL
) ENGINE=InnoDB DEFAULT CHARSET=utf8mb4 COLLATE=utf8mb4_general_ci;

--
-- Dumping data for table `artikel`
--

INSERT INTO `artikel` (`id`, `judul`, `pengarang`, `link`, `status`) VALUES
(1, 'Kesehatan Anak', 'dr. Fadhli Rizal Makarim', 'https://www.halodoc.com/kesehatan/kesehatan-anak', 'acc'),
(2, 'Kenali Nutrisi dan Manfaatnya bagi Anak', 'RSU Bunda Jakarta', 'https://bunda.co.id/uncategorized-id/kenali-nutrisi-dan-manfaatnya-bagi-anak/', 'acc'),
(3, '5 Tips Sederhana Menjaga Kesehatan Anak', 'dr. Kornelia Ranti,Sp.A', 'https://www.emc.id/id/care-plus/5-tips-sederhana-menjaga-kesehatan-anak', 'acc'),
(4, '5 Hal yang Perlu Orangtua Lakukan untuk Memastikan Kesehatan Anak di Masa Depan', 'Risky Candra Swar', 'https://hellosehat.com/parenting/kesehatan-anak/gangguan-perkembangan/tips-menjaga-kesehatan-anak/', 'acc'),
(5, 'Yuk, Pelajari Tips Perkembangan Motorik Halus si Kecil!', 'smilestones', 'https://fisher-price.co.id/articles/bayi/yuk-pelajari-tips-perkembangan-motorik-halus-si-kecil', 'pending'),
(6, 'Stres Mengurus Bayi Baru Lahir? Ini Cara Mengatasinya', 'dr. Sienny Agustin', 'https://www.alodokter.com/stres-mengurus-bayi-baru-lahir-ini-cara-mengatasinya', 'pending'),
(7, 'Ini Rekomendasi MPASI Terbaru dari WHO, Anak Wajib Makan Protein Setiap Hari', 'Friska Yolandha', 'https://ameera.republika.co.id/berita/s30jc7370/ini-rekomendasi-mpasi-terbaru-dari-who-anak-wajib-makan-protein-setiap-hari', 'acc'),
(8, 'Kebutuhan Dasar Anak untuk Tumbuh Kembang Yang Optimal', 'kementrian kesehatan', 'https://kesmas.kemkes.go.id/konten/133/0/021113-kebutuhan-dasar-anak-untuk-tumbuh-kembang-yang-optimal', 'pending'),
(9, 'Pertumbuhan Si Kecil Lambat? Simak Tabel Tinggi Badan Anak Berikut, Moms', 'Anggraini Nurul F', 'https://www.mooimom.id/mamapedia/pertumbuhan-si-kecil-lambat-simak-tabel-tinggi-badan-anak-berikut-moms', 'acc'),
(10, 'Tahap-Tahap Perkembangan Balita Usia 1-5 Tahun', 'Hello Sehat', 'https://hellosehat.com/parenting/anak-1-sampai-5-tahun/perkembangan-balita/tahap-perkembangan-balita/', 'acc');

-- --------------------------------------------------------

--
-- Table structure for table `jenis_vaksin`
--

CREATE TABLE `jenis_vaksin` (
  `id` int(11) NOT NULL,
  `jenis` varchar(255) DEFAULT NULL
) ENGINE=InnoDB DEFAULT CHARSET=utf8mb4 COLLATE=utf8mb4_general_ci;

--
-- Dumping data for table `jenis_vaksin`
--

INSERT INTO `jenis_vaksin` (`id`, `jenis`) VALUES
(1, 'Hepatitis B dosis 1'),
(2, 'BCG dosis 1'),
(3, 'Hepatitis B dosis 2'),
(4, 'DTP-HB-Hib dosis 1'),
(5, 'Polio (OPV) dosis 1'),
(6, 'Polio (IPV) dosis 1'),
(7, 'PCV dosis 1'),
(8, 'Rotavirus dosis 1'),
(9, 'DTP-HB-Hib dosis 2'),
(10, 'Polio (OPV) dosis 2'),
(11, 'DTP-HB-Hib dosis 3'),
(12, 'Polio (OPV) dosis 3'),
(13, 'PCV dosis 2'),
(14, 'Rotavirus dosis 2'),
(15, 'Hepatitis B dosis 3'),
(16, 'Polio (OPV) dosis 4'),
(17, 'Polio (IPV) dosis 2'),
(18, 'PCV dosis 3'),
(19, 'Rotavirus dosis 3'),
(20, 'Influenza dosis 1'),
(21, 'MMR dosis 1'),
(22, 'Japanese Encephalitis dosis 1'),
(23, 'MMR dosis 2'),
(24, 'PCV booster'),
(25, 'Hepatitis A dosis 1'),
(26, 'Varicella dosis 1'),
(27, 'Influenza dosis 2'),
(28, 'DTP-HB-Hib booster'),
(29, 'Polio (OPV) booster'),
(30, 'Hepatitis A dosis 2'),
(31, 'Influenza dosis 3'),
(32, 'Japanese Encephalitis booster'),
(33, 'Tifoid dosis 1'),
(34, 'Influenza dosis 4'),
(35, 'Influenza dosis 5'),
(36, 'Influenza dosis 6'),
(37, 'DTP booster'),
(38, 'Influenza dosis 7');

-- --------------------------------------------------------

--
-- Table structure for table `posyandu`
--

CREATE TABLE `posyandu` (
  `id` int(11) NOT NULL,
  `nama` varchar(255) NOT NULL,
  `kecamatan` varchar(255) NOT NULL,
  `kelurahan` varchar(255) NOT NULL,
  `alamat` varchar(255) NOT NULL,
  `link` varchar(255) DEFAULT NULL,
  `count` int(11) NOT NULL
) ENGINE=InnoDB DEFAULT CHARSET=utf8mb4 COLLATE=utf8mb4_general_ci;

--
-- Dumping data for table `posyandu`
--

INSERT INTO `posyandu` (`id`, `nama`, `kecamatan`, `kelurahan`, `alamat`, `link`, `count`) VALUES
(17, 'Kenanga I', 'Sukasari', 'Sukarasa', 'Jl. Sukahaji Baru N0.19 RT 06 RW 01', 'https://maps.app.goo.gl/ijffyfDfEDUGYosP9', 0),
(18, 'Teratai', 'Sukasari', 'Sukarasa', 'Jl. Cilandak RT 01 RW 05', 'https://maps.app.goo.gl/w17JL5Lpc5jT39o96', 2),
(19, 'Nusa Indah', 'Sukasari', 'Sukarasa', 'Jl. Cilandak RT 02 RW 06', 'https://maps.app.goo.gl/w17JL5Lpc5jT39o96', 0),
(20, 'Sakura I', 'Sukasari', 'Sukarasa', 'Jl. Sukahaji No. 106 RT 03 RW 07', 'https://maps.app.goo.gl/Mt4gfRMnr2orvwBb6', 0),
(21, 'Miana I Pos I', 'Sukasari', 'Gegerkalong', 'Jl. Gegerkalong Tengah RT 04 RW 03', 'https://maps.app.goo.gl/LJA1GugseJdcaBgq6', 0),
(22, 'Miana II Pos I', 'Sukasari', 'Gegerkalong', 'Jl. Gegerkalong Hilir RT 05 RW 04', 'https://maps.app.goo.gl/aiiD2e7p3K1fFo8j6', 0),
(23, 'Miana III Pos I', 'Sukasari', 'Gegerkalong', 'Jl. Gegerkalong Hilir RT 01 RW 07', 'https://maps.app.goo.gl/UktMAn8q1hyZnE9V8', 0),
(24, 'Miana IV', 'Sukasari', 'Gegerkalong', 'Jl. Sindang Sirna Ii RT 08 RW 06', 'https://maps.app.goo.gl/hNJMsP95oZzM64Js9', 0),
(25, 'Anggrek', 'Sukasari', 'Isola', 'Cirateun RT 01 RW 01', 'https://maps.app.goo.gl/Rd8yUGwRz8Vx8jrs5', 0),
(26, 'Nusa Indah', 'Sukasari', 'Isola', 'Cirateun RT 02 RW 02', 'https://maps.app.goo.gl/reS3KBvGvxwc4j3U7', 0),
(27, 'Budiasih', 'Sukasari', 'Isola', 'Cirateun RT 01 RW 03', 'https://maps.app.goo.gl/jVUH8rUqgq9z57i5A', 0),
(28, 'Ananda 1', 'Sukasari', 'Isola', 'Jl. Sersan Bajuri RT 01 RW 04', 'https://maps.app.goo.gl/ahix7jwkEtti14Tk6', 0),
(29, 'Cempaka 1', 'Sukasari', 'Isola', 'Jl. Gegerkalong Girang RT 03 RW 06', 'https://maps.app.goo.gl/qMqNnPUFxxGMU15d9', 0),
(30, 'Teratai', 'Sukasari', 'Sarijadi', 'GSG RW 07 RT 04 Blok 15', 'https://maps.app.goo.gl/f8wkCumHmHvrtcJD8', 0),
(31, 'Matahari', 'Sukasari', 'Sarijadi', 'GSG RW 09 RT 02', 'https://maps.app.goo.gl/LARfocG1tecCJcXE8', 0),
(32, 'Anggrek', 'Sukasari', 'Sarijadi', 'GSG RW 11 RT 03 Jalan Sariwangi', 'https://maps.app.goo.gl/bZePq1VPTNAUyeAZ8', 0),
(33, 'haha', 'hihi', 'hehe', 'hoho', 'hhhh', 0),
(34, 'haha', 'hihi', 'hehe', 'hoho', 'hhhh', 0),
(35, 'haha', 'hihi', 'hehe', 'hoho', 'hhhh', 0),
(36, 'haha', 'hihi', 'hehe', 'hoho', 'hhhh', 0),
(37, 'coba', 'b', 'j', 'n', 'm', 0);

--
-- Triggers `posyandu`
--
DELIMITER $$
CREATE TRIGGER `after_posyandu_insert` AFTER INSERT ON `posyandu` FOR EACH ROW BEGIN
    DECLARE random_password VARCHAR(20);
    SET random_password = CONCAT(
        CHAR(FLOOR(65 + RAND() * 26)), CHAR(FLOOR(65 + RAND() * 26)),
        CHAR(FLOOR(65 + RAND() * 26)), CHAR(FLOOR(65 + RAND() * 26)),
        CHAR(FLOOR(65 + RAND() * 26)), CHAR(FLOOR(65 + RAND() * 26)),
        CHAR(FLOOR(65 + RAND() * 26)), CHAR(FLOOR(65 + RAND() * 26)),
        CHAR(FLOOR(65 + RAND() * 26)), CHAR(FLOOR(65 + RAND() * 26))
    );

    INSERT INTO user_account (username, password)
    VALUES (NEW.nama, random_password);
END
$$
DELIMITER ;
DELIMITER $$
CREATE TRIGGER `after_posyandu_insert_vaksin` AFTER INSERT ON `posyandu` FOR EACH ROW BEGIN
    DECLARE done INT DEFAULT 0;
    DECLARE vak_id INT;

    -- Cursor to select all id from jenis_vaksin
    DECLARE vak_cursor CURSOR FOR
        SELECT id FROM jenis_vaksin;
    
    -- Handler for the end of cursor
    DECLARE CONTINUE HANDLER FOR NOT FOUND SET done = 1;

    OPEN vak_cursor;
    
    -- Loop through all rows in jenis_vaksin
    read_loop: LOOP
        FETCH vak_cursor INTO vak_id;
        IF done THEN
            LEAVE read_loop;
        END IF;

        -- Insert into vaksinasi
        INSERT INTO vaksinasi (id_posyandu, id_jenis)
        VALUES (NEW.id, vak_id);
    END LOOP;

    CLOSE vak_cursor;
END
$$
DELIMITER ;

-- --------------------------------------------------------

--
-- Table structure for table `user_account`
--

CREATE TABLE `user_account` (
  `id` int(11) NOT NULL,
  `username` varchar(255) NOT NULL,
  `password` varchar(255) NOT NULL,
  `nama` varchar(255) NOT NULL,
  `email` varchar(255) DEFAULT NULL,
  `jenis_kelamin` enum('Pria','Wanita') NOT NULL,
  `NIK` varchar(255) DEFAULT NULL,
  `tanggal_lahir` date DEFAULT NULL
) ENGINE=InnoDB DEFAULT CHARSET=utf8mb4 COLLATE=utf8mb4_general_ci;

--
-- Dumping data for table `user_account`
--

INSERT INTO `user_account` (`id`, `username`, `password`, `nama`, `email`, `jenis_kelamin`, `NIK`, `tanggal_lahir`) VALUES
(1, 'admin', 'admin', 'Admin', 'admin@gmail.com', '', '-', '0000-00-00'),
(2, 'gita', 'gita123', 'Arianti Apriani Sagita', NULL, '', NULL, NULL),
(3, 'dlar', 'dlar123', 'Della Rachmatika Noer Intanty', NULL, '', NULL, NULL),
(4, 'llot', 'llot123', 'Della Putri Wahyuni', NULL, '', NULL, NULL),
(5, 'swaa', 'swaa123', 'Niswa Alfiiya', NULL, '', NULL, NULL),
(6, 'cece', 'cece123', 'Wicheriani Galuh Desduipa', 'dellarachmatikani@gmail.com', 'Pria', '444444498724987289', '2024-06-07'),
(8, 'Kenanga I', 'NWTCHBNIFZ', '', NULL, 'Pria', NULL, NULL),
(9, 'Teratai', 'FFLMEKLCCG', '', NULL, 'Pria', NULL, NULL),
(10, 'Nusa Indah', 'YXTBAYOANK', '', NULL, 'Pria', NULL, NULL),
(11, 'Sakura I', 'MFQNUGXWPH', '', NULL, 'Pria', NULL, NULL),
(12, 'Miana I Pos I', 'TUTKUQVGVI', '', NULL, 'Pria', NULL, NULL),
(13, 'Miana II Pos I', 'CPQLJJVAOV', '', NULL, 'Pria', NULL, NULL),
(14, 'Miana III Pos I', 'MVUKQZZYVH', '', NULL, 'Pria', NULL, NULL),
(15, 'Miana IV', 'XRQGHSSLAW', '', NULL, 'Pria', NULL, NULL),
(16, 'Anggrek', 'EHXSWEIDPQ', '', NULL, 'Pria', NULL, NULL),
(17, 'Nusa Indah', 'JVEJHHROQO', '', NULL, 'Pria', NULL, NULL),
(18, 'Budiasih', 'WSYNSDNFLN', '', NULL, 'Pria', NULL, NULL),
(19, 'Ananda 1', 'HZADOJHGIY', '', NULL, 'Pria', NULL, NULL),
(20, 'Cempaka 1', 'TWEGQMNEIB', '', NULL, 'Pria', NULL, NULL),
(21, 'Teratai', 'JQBLCAWIAD', '', NULL, 'Pria', NULL, NULL),
(22, 'Matahari', 'PQKZVDFSWG', '', NULL, 'Pria', NULL, NULL),
(23, 'Anggrek', 'PFGRPZDTHG', '', NULL, 'Pria', NULL, NULL),
(24, 'haha', 'FJFZHLKRFY', '', NULL, 'Pria', NULL, NULL),
(25, 'haha', 'YPFGPEASMI', '', NULL, 'Pria', NULL, NULL),
(26, 'haha', 'CRZZVICOMS', '', NULL, 'Pria', NULL, NULL),
(27, 'haha', 'DJJRJSLDHC', '', NULL, 'Pria', NULL, NULL),
(28, 'coba', 'FFJHISQCNG', '', NULL, 'Pria', NULL, NULL),
(29, 'cc', 'cc', '', 'cc@gmail.com', 'Pria', NULL, NULL);

-- --------------------------------------------------------

--
-- Table structure for table `vaksinasi`
--

CREATE TABLE `vaksinasi` (
  `id` int(11) NOT NULL,
  `id_posyandu` int(11) NOT NULL,
  `id_jenis` int(11) NOT NULL,
  `status` enum('unavailable','available') DEFAULT 'unavailable'
) ENGINE=InnoDB DEFAULT CHARSET=utf8mb4 COLLATE=utf8mb4_general_ci;

--
-- Dumping data for table `vaksinasi`
--

INSERT INTO `vaksinasi` (`id`, `id_posyandu`, `id_jenis`, `status`) VALUES
(1, 17, 1, 'available'),
(2, 17, 2, 'available'),
(3, 17, 3, 'unavailable'),
(4, 17, 4, 'unavailable'),
(5, 17, 5, 'unavailable'),
(6, 17, 6, 'unavailable'),
(7, 17, 7, 'unavailable'),
(8, 17, 8, 'unavailable'),
(9, 17, 9, 'unavailable'),
(10, 17, 10, 'unavailable'),
(11, 17, 11, 'unavailable'),
(12, 17, 12, 'unavailable'),
(13, 17, 13, 'unavailable'),
(14, 17, 14, 'unavailable'),
(15, 17, 15, 'unavailable'),
(16, 17, 16, 'unavailable'),
(17, 17, 17, 'unavailable'),
(18, 17, 18, 'unavailable'),
(19, 17, 19, 'unavailable'),
(20, 17, 20, 'unavailable'),
(21, 17, 21, 'unavailable'),
(22, 17, 22, 'unavailable'),
(23, 17, 23, 'unavailable'),
(24, 17, 24, 'unavailable'),
(25, 17, 25, 'unavailable'),
(26, 17, 26, 'unavailable'),
(27, 17, 27, 'unavailable'),
(28, 17, 28, 'unavailable'),
(29, 17, 29, 'unavailable'),
(30, 17, 30, 'unavailable'),
(31, 17, 31, 'unavailable'),
(32, 17, 32, 'unavailable'),
(33, 17, 33, 'unavailable'),
(34, 17, 34, 'unavailable'),
(35, 17, 35, 'unavailable'),
(36, 17, 36, 'unavailable'),
(37, 17, 37, 'unavailable'),
(38, 17, 38, 'unavailable'),
(39, 18, 1, 'available'),
(40, 18, 2, 'available'),
(41, 18, 3, 'unavailable'),
(42, 18, 4, 'unavailable'),
(43, 18, 5, 'unavailable'),
(44, 18, 6, 'unavailable'),
(45, 18, 7, 'unavailable'),
(46, 18, 8, 'unavailable'),
(47, 18, 9, 'unavailable'),
(48, 18, 10, 'unavailable'),
(49, 18, 11, 'unavailable'),
(50, 18, 12, 'unavailable'),
(51, 18, 13, 'unavailable'),
(52, 18, 14, 'unavailable'),
(53, 18, 15, 'unavailable'),
(54, 18, 16, 'unavailable'),
(55, 18, 17, 'unavailable'),
(56, 18, 18, 'unavailable'),
(57, 18, 19, 'unavailable'),
(58, 18, 20, 'unavailable'),
(59, 18, 21, 'unavailable'),
(60, 18, 22, 'unavailable'),
(61, 18, 23, 'unavailable'),
(62, 18, 24, 'unavailable'),
(63, 18, 25, 'unavailable'),
(64, 18, 26, 'unavailable'),
(65, 18, 27, 'unavailable'),
(66, 18, 28, 'unavailable'),
(67, 18, 29, 'unavailable'),
(68, 18, 30, 'unavailable'),
(69, 18, 31, 'unavailable'),
(70, 18, 32, 'unavailable'),
(71, 18, 33, 'unavailable'),
(72, 18, 34, 'unavailable'),
(73, 18, 35, 'unavailable'),
(74, 18, 36, 'unavailable'),
(75, 18, 37, 'unavailable'),
(76, 18, 38, 'unavailable'),
(77, 19, 1, 'available'),
(78, 19, 2, 'available'),
(79, 19, 3, 'unavailable'),
(80, 19, 4, 'unavailable'),
(81, 19, 5, 'unavailable'),
(82, 19, 6, 'unavailable'),
(83, 19, 7, 'unavailable'),
(84, 19, 8, 'unavailable'),
(85, 19, 9, 'unavailable'),
(86, 19, 10, 'unavailable'),
(87, 19, 11, 'unavailable'),
(88, 19, 12, 'unavailable'),
(89, 19, 13, 'unavailable'),
(90, 19, 14, 'unavailable'),
(91, 19, 15, 'unavailable'),
(92, 19, 16, 'unavailable'),
(93, 19, 17, 'unavailable'),
(94, 19, 18, 'unavailable'),
(95, 19, 19, 'unavailable'),
(96, 19, 20, 'unavailable'),
(97, 19, 21, 'unavailable'),
(98, 19, 22, 'unavailable'),
(99, 19, 23, 'unavailable'),
(100, 19, 24, 'unavailable'),
(101, 19, 25, 'unavailable'),
(102, 19, 26, 'unavailable'),
(103, 19, 27, 'unavailable'),
(104, 19, 28, 'unavailable'),
(105, 19, 29, 'unavailable'),
(106, 19, 30, 'unavailable'),
(107, 19, 31, 'unavailable'),
(108, 19, 32, 'unavailable'),
(109, 19, 33, 'unavailable'),
(110, 19, 34, 'unavailable'),
(111, 19, 35, 'unavailable'),
(112, 19, 36, 'unavailable'),
(113, 19, 37, 'unavailable'),
(114, 19, 38, 'unavailable'),
(115, 20, 1, 'available'),
(116, 20, 2, 'available'),
(117, 20, 3, 'unavailable'),
(118, 20, 4, 'unavailable'),
(119, 20, 5, 'unavailable'),
(120, 20, 6, 'unavailable'),
(121, 20, 7, 'unavailable'),
(122, 20, 8, 'unavailable'),
(123, 20, 9, 'unavailable'),
(124, 20, 10, 'unavailable'),
(125, 20, 11, 'unavailable'),
(126, 20, 12, 'unavailable'),
(127, 20, 13, 'unavailable'),
(128, 20, 14, 'unavailable'),
(129, 20, 15, 'unavailable'),
(130, 20, 16, 'unavailable'),
(131, 20, 17, 'unavailable'),
(132, 20, 18, 'unavailable'),
(133, 20, 19, 'unavailable'),
(134, 20, 20, 'unavailable'),
(135, 20, 21, 'unavailable'),
(136, 20, 22, 'unavailable'),
(137, 20, 23, 'unavailable'),
(138, 20, 24, 'unavailable'),
(139, 20, 25, 'unavailable'),
(140, 20, 26, 'unavailable'),
(141, 20, 27, 'unavailable'),
(142, 20, 28, 'unavailable'),
(143, 20, 29, 'unavailable'),
(144, 20, 30, 'unavailable'),
(145, 20, 31, 'unavailable'),
(146, 20, 32, 'unavailable'),
(147, 20, 33, 'unavailable'),
(148, 20, 34, 'unavailable'),
(149, 20, 35, 'unavailable'),
(150, 20, 36, 'unavailable'),
(151, 20, 37, 'unavailable'),
(152, 20, 38, 'unavailable'),
(153, 21, 1, 'available'),
(154, 21, 2, 'available'),
(155, 21, 3, 'unavailable'),
(156, 21, 4, 'unavailable'),
(157, 21, 5, 'unavailable'),
(158, 21, 6, 'unavailable'),
(159, 21, 7, 'unavailable'),
(160, 21, 8, 'unavailable'),
(161, 21, 9, 'unavailable'),
(162, 21, 10, 'unavailable'),
(163, 21, 11, 'unavailable'),
(164, 21, 12, 'unavailable'),
(165, 21, 13, 'unavailable'),
(166, 21, 14, 'unavailable'),
(167, 21, 15, 'unavailable'),
(168, 21, 16, 'unavailable'),
(169, 21, 17, 'unavailable'),
(170, 21, 18, 'unavailable'),
(171, 21, 19, 'unavailable'),
(172, 21, 20, 'unavailable'),
(173, 21, 21, 'unavailable'),
(174, 21, 22, 'unavailable'),
(175, 21, 23, 'unavailable'),
(176, 21, 24, 'unavailable'),
(177, 21, 25, 'unavailable'),
(178, 21, 26, 'unavailable'),
(179, 21, 27, 'unavailable'),
(180, 21, 28, 'unavailable'),
(181, 21, 29, 'unavailable'),
(182, 21, 30, 'unavailable'),
(183, 21, 31, 'unavailable'),
(184, 21, 32, 'unavailable'),
(185, 21, 33, 'unavailable'),
(186, 21, 34, 'unavailable'),
(187, 21, 35, 'unavailable'),
(188, 21, 36, 'unavailable'),
(189, 21, 37, 'unavailable'),
(190, 21, 38, 'unavailable'),
(191, 22, 1, 'available'),
(192, 22, 2, 'available'),
(193, 22, 3, 'unavailable'),
(194, 22, 4, 'unavailable'),
(195, 22, 5, 'unavailable'),
(196, 22, 6, 'unavailable'),
(197, 22, 7, 'unavailable'),
(198, 22, 8, 'unavailable'),
(199, 22, 9, 'unavailable'),
(200, 22, 10, 'unavailable'),
(201, 22, 11, 'unavailable'),
(202, 22, 12, 'unavailable'),
(203, 22, 13, 'unavailable'),
(204, 22, 14, 'unavailable'),
(205, 22, 15, 'unavailable'),
(206, 22, 16, 'unavailable'),
(207, 22, 17, 'unavailable'),
(208, 22, 18, 'unavailable'),
(209, 22, 19, 'unavailable'),
(210, 22, 20, 'unavailable'),
(211, 22, 21, 'unavailable'),
(212, 22, 22, 'unavailable'),
(213, 22, 23, 'unavailable'),
(214, 22, 24, 'unavailable'),
(215, 22, 25, 'unavailable'),
(216, 22, 26, 'unavailable'),
(217, 22, 27, 'unavailable'),
(218, 22, 28, 'unavailable'),
(219, 22, 29, 'unavailable'),
(220, 22, 30, 'unavailable'),
(221, 22, 31, 'unavailable'),
(222, 22, 32, 'unavailable'),
(223, 22, 33, 'unavailable'),
(224, 22, 34, 'unavailable'),
(225, 22, 35, 'unavailable'),
(226, 22, 36, 'unavailable'),
(227, 22, 37, 'unavailable'),
(228, 22, 38, 'unavailable'),
(229, 23, 1, 'available'),
(230, 23, 2, 'available'),
(231, 23, 3, 'unavailable'),
(232, 23, 4, 'unavailable'),
(233, 23, 5, 'unavailable'),
(234, 23, 6, 'unavailable'),
(235, 23, 7, 'unavailable'),
(236, 23, 8, 'unavailable'),
(237, 23, 9, 'unavailable'),
(238, 23, 10, 'unavailable'),
(239, 23, 11, 'unavailable'),
(240, 23, 12, 'unavailable'),
(241, 23, 13, 'unavailable'),
(242, 23, 14, 'unavailable'),
(243, 23, 15, 'unavailable'),
(244, 23, 16, 'unavailable'),
(245, 23, 17, 'unavailable'),
(246, 23, 18, 'unavailable'),
(247, 23, 19, 'unavailable'),
(248, 23, 20, 'unavailable'),
(249, 23, 21, 'unavailable'),
(250, 23, 22, 'unavailable'),
(251, 23, 23, 'unavailable'),
(252, 23, 24, 'unavailable'),
(253, 23, 25, 'unavailable'),
(254, 23, 26, 'unavailable'),
(255, 23, 27, 'unavailable'),
(256, 23, 28, 'unavailable'),
(257, 23, 29, 'unavailable'),
(258, 23, 30, 'unavailable'),
(259, 23, 31, 'unavailable'),
(260, 23, 32, 'unavailable'),
(261, 23, 33, 'unavailable'),
(262, 23, 34, 'unavailable'),
(263, 23, 35, 'unavailable'),
(264, 23, 36, 'unavailable'),
(265, 23, 37, 'unavailable'),
(266, 23, 38, 'unavailable'),
(267, 24, 1, 'available'),
(268, 24, 2, 'available'),
(269, 24, 3, 'unavailable'),
(270, 24, 4, 'unavailable'),
(271, 24, 5, 'unavailable'),
(272, 24, 6, 'unavailable'),
(273, 24, 7, 'unavailable'),
(274, 24, 8, 'unavailable'),
(275, 24, 9, 'unavailable'),
(276, 24, 10, 'unavailable'),
(277, 24, 11, 'unavailable'),
(278, 24, 12, 'unavailable'),
(279, 24, 13, 'unavailable'),
(280, 24, 14, 'unavailable'),
(281, 24, 15, 'unavailable'),
(282, 24, 16, 'unavailable'),
(283, 24, 17, 'unavailable'),
(284, 24, 18, 'unavailable'),
(285, 24, 19, 'unavailable'),
(286, 24, 20, 'unavailable'),
(287, 24, 21, 'unavailable'),
(288, 24, 22, 'unavailable'),
(289, 24, 23, 'unavailable'),
(290, 24, 24, 'unavailable'),
(291, 24, 25, 'unavailable'),
(292, 24, 26, 'unavailable'),
(293, 24, 27, 'unavailable'),
(294, 24, 28, 'unavailable'),
(295, 24, 29, 'unavailable'),
(296, 24, 30, 'unavailable'),
(297, 24, 31, 'unavailable'),
(298, 24, 32, 'unavailable'),
(299, 24, 33, 'unavailable'),
(300, 24, 34, 'unavailable'),
(301, 24, 35, 'unavailable'),
(302, 24, 36, 'unavailable'),
(303, 24, 37, 'unavailable'),
(304, 24, 38, 'unavailable'),
(305, 25, 1, 'available'),
(306, 25, 2, 'available'),
(307, 25, 3, 'unavailable'),
(308, 25, 4, 'unavailable'),
(309, 25, 5, 'unavailable'),
(310, 25, 6, 'unavailable'),
(311, 25, 7, 'unavailable'),
(312, 25, 8, 'unavailable'),
(313, 25, 9, 'unavailable'),
(314, 25, 10, 'unavailable'),
(315, 25, 11, 'unavailable'),
(316, 25, 12, 'unavailable'),
(317, 25, 13, 'unavailable'),
(318, 25, 14, 'unavailable'),
(319, 25, 15, 'unavailable'),
(320, 25, 16, 'unavailable'),
(321, 25, 17, 'unavailable'),
(322, 25, 18, 'unavailable'),
(323, 25, 19, 'unavailable'),
(324, 25, 20, 'unavailable'),
(325, 25, 21, 'unavailable'),
(326, 25, 22, 'unavailable'),
(327, 25, 23, 'unavailable'),
(328, 25, 24, 'unavailable'),
(329, 25, 25, 'unavailable'),
(330, 25, 26, 'unavailable'),
(331, 25, 27, 'unavailable'),
(332, 25, 28, 'unavailable'),
(333, 25, 29, 'unavailable'),
(334, 25, 30, 'unavailable'),
(335, 25, 31, 'unavailable'),
(336, 25, 32, 'unavailable'),
(337, 25, 33, 'unavailable'),
(338, 25, 34, 'unavailable'),
(339, 25, 35, 'unavailable'),
(340, 25, 36, 'unavailable'),
(341, 25, 37, 'unavailable'),
(342, 25, 38, 'unavailable'),
(343, 26, 1, 'available'),
(344, 26, 2, 'available'),
(345, 26, 3, 'unavailable'),
(346, 26, 4, 'unavailable'),
(347, 26, 5, 'unavailable'),
(348, 26, 6, 'unavailable'),
(349, 26, 7, 'unavailable'),
(350, 26, 8, 'unavailable'),
(351, 26, 9, 'unavailable'),
(352, 26, 10, 'unavailable'),
(353, 26, 11, 'unavailable'),
(354, 26, 12, 'unavailable'),
(355, 26, 13, 'unavailable'),
(356, 26, 14, 'unavailable'),
(357, 26, 15, 'unavailable'),
(358, 26, 16, 'unavailable'),
(359, 26, 17, 'unavailable'),
(360, 26, 18, 'unavailable'),
(361, 26, 19, 'unavailable'),
(362, 26, 20, 'unavailable'),
(363, 26, 21, 'unavailable'),
(364, 26, 22, 'unavailable'),
(365, 26, 23, 'unavailable'),
(366, 26, 24, 'unavailable'),
(367, 26, 25, 'unavailable'),
(368, 26, 26, 'unavailable'),
(369, 26, 27, 'unavailable'),
(370, 26, 28, 'unavailable'),
(371, 26, 29, 'unavailable'),
(372, 26, 30, 'unavailable'),
(373, 26, 31, 'unavailable'),
(374, 26, 32, 'unavailable'),
(375, 26, 33, 'unavailable'),
(376, 26, 34, 'unavailable'),
(377, 26, 35, 'unavailable'),
(378, 26, 36, 'unavailable'),
(379, 26, 37, 'unavailable'),
(380, 26, 38, 'unavailable'),
(381, 27, 1, 'available'),
(382, 27, 2, 'available'),
(383, 27, 3, 'unavailable'),
(384, 27, 4, 'unavailable'),
(385, 27, 5, 'unavailable'),
(386, 27, 6, 'unavailable'),
(387, 27, 7, 'unavailable'),
(388, 27, 8, 'unavailable'),
(389, 27, 9, 'unavailable'),
(390, 27, 10, 'unavailable'),
(391, 27, 11, 'unavailable'),
(392, 27, 12, 'unavailable'),
(393, 27, 13, 'unavailable'),
(394, 27, 14, 'unavailable'),
(395, 27, 15, 'unavailable'),
(396, 27, 16, 'unavailable'),
(397, 27, 17, 'unavailable'),
(398, 27, 18, 'unavailable'),
(399, 27, 19, 'unavailable'),
(400, 27, 20, 'unavailable'),
(401, 27, 21, 'unavailable'),
(402, 27, 22, 'unavailable'),
(403, 27, 23, 'unavailable'),
(404, 27, 24, 'unavailable'),
(405, 27, 25, 'unavailable'),
(406, 27, 26, 'unavailable'),
(407, 27, 27, 'unavailable'),
(408, 27, 28, 'unavailable'),
(409, 27, 29, 'unavailable'),
(410, 27, 30, 'unavailable'),
(411, 27, 31, 'unavailable'),
(412, 27, 32, 'unavailable'),
(413, 27, 33, 'unavailable'),
(414, 27, 34, 'unavailable'),
(415, 27, 35, 'unavailable'),
(416, 27, 36, 'unavailable'),
(417, 27, 37, 'unavailable'),
(418, 27, 38, 'unavailable'),
(419, 28, 1, 'available'),
(420, 28, 2, 'available'),
(421, 28, 3, 'unavailable'),
(422, 28, 4, 'unavailable'),
(423, 28, 5, 'unavailable'),
(424, 28, 6, 'unavailable'),
(425, 28, 7, 'unavailable'),
(426, 28, 8, 'unavailable'),
(427, 28, 9, 'unavailable'),
(428, 28, 10, 'unavailable'),
(429, 28, 11, 'unavailable'),
(430, 28, 12, 'unavailable'),
(431, 28, 13, 'unavailable'),
(432, 28, 14, 'unavailable'),
(433, 28, 15, 'unavailable'),
(434, 28, 16, 'unavailable'),
(435, 28, 17, 'unavailable'),
(436, 28, 18, 'unavailable'),
(437, 28, 19, 'unavailable'),
(438, 28, 20, 'unavailable'),
(439, 28, 21, 'unavailable'),
(440, 28, 22, 'unavailable'),
(441, 28, 23, 'unavailable'),
(442, 28, 24, 'unavailable'),
(443, 28, 25, 'unavailable'),
(444, 28, 26, 'unavailable'),
(445, 28, 27, 'unavailable'),
(446, 28, 28, 'unavailable'),
(447, 28, 29, 'unavailable'),
(448, 28, 30, 'unavailable'),
(449, 28, 31, 'unavailable'),
(450, 28, 32, 'unavailable'),
(451, 28, 33, 'unavailable'),
(452, 28, 34, 'unavailable'),
(453, 28, 35, 'unavailable'),
(454, 28, 36, 'unavailable'),
(455, 28, 37, 'unavailable'),
(456, 28, 38, 'unavailable'),
(457, 29, 1, 'available'),
(458, 29, 2, 'available'),
(459, 29, 3, 'unavailable'),
(460, 29, 4, 'unavailable'),
(461, 29, 5, 'unavailable'),
(462, 29, 6, 'unavailable'),
(463, 29, 7, 'unavailable'),
(464, 29, 8, 'unavailable'),
(465, 29, 9, 'unavailable'),
(466, 29, 10, 'unavailable'),
(467, 29, 11, 'unavailable'),
(468, 29, 12, 'unavailable'),
(469, 29, 13, 'unavailable'),
(470, 29, 14, 'unavailable'),
(471, 29, 15, 'unavailable'),
(472, 29, 16, 'unavailable'),
(473, 29, 17, 'unavailable'),
(474, 29, 18, 'unavailable'),
(475, 29, 19, 'unavailable'),
(476, 29, 20, 'unavailable'),
(477, 29, 21, 'unavailable'),
(478, 29, 22, 'unavailable'),
(479, 29, 23, 'unavailable'),
(480, 29, 24, 'unavailable'),
(481, 29, 25, 'unavailable'),
(482, 29, 26, 'unavailable'),
(483, 29, 27, 'unavailable'),
(484, 29, 28, 'unavailable'),
(485, 29, 29, 'unavailable'),
(486, 29, 30, 'unavailable'),
(487, 29, 31, 'unavailable'),
(488, 29, 32, 'unavailable'),
(489, 29, 33, 'unavailable'),
(490, 29, 34, 'unavailable'),
(491, 29, 35, 'unavailable'),
(492, 29, 36, 'unavailable'),
(493, 29, 37, 'unavailable'),
(494, 29, 38, 'unavailable'),
(495, 30, 1, 'available'),
(496, 30, 2, 'available'),
(497, 30, 3, 'unavailable'),
(498, 30, 4, 'unavailable'),
(499, 30, 5, 'unavailable'),
(500, 30, 6, 'unavailable'),
(501, 30, 7, 'unavailable'),
(502, 30, 8, 'unavailable'),
(503, 30, 9, 'unavailable'),
(504, 30, 10, 'unavailable'),
(505, 30, 11, 'unavailable'),
(506, 30, 12, 'unavailable'),
(507, 30, 13, 'unavailable'),
(508, 30, 14, 'unavailable'),
(509, 30, 15, 'unavailable'),
(510, 30, 16, 'unavailable'),
(511, 30, 17, 'unavailable'),
(512, 30, 18, 'unavailable'),
(513, 30, 19, 'unavailable'),
(514, 30, 20, 'unavailable'),
(515, 30, 21, 'unavailable'),
(516, 30, 22, 'unavailable'),
(517, 30, 23, 'unavailable'),
(518, 30, 24, 'unavailable'),
(519, 30, 25, 'unavailable'),
(520, 30, 26, 'unavailable'),
(521, 30, 27, 'unavailable'),
(522, 30, 28, 'unavailable'),
(523, 30, 29, 'unavailable'),
(524, 30, 30, 'unavailable'),
(525, 30, 31, 'unavailable'),
(526, 30, 32, 'unavailable'),
(527, 30, 33, 'unavailable'),
(528, 30, 34, 'unavailable'),
(529, 30, 35, 'unavailable'),
(530, 30, 36, 'unavailable'),
(531, 30, 37, 'unavailable'),
(532, 30, 38, 'unavailable'),
(533, 31, 1, 'available'),
(534, 31, 2, 'available'),
(535, 31, 3, 'unavailable'),
(536, 31, 4, 'unavailable'),
(537, 31, 5, 'unavailable'),
(538, 31, 6, 'unavailable'),
(539, 31, 7, 'unavailable'),
(540, 31, 8, 'unavailable'),
(541, 31, 9, 'unavailable'),
(542, 31, 10, 'unavailable'),
(543, 31, 11, 'unavailable'),
(544, 31, 12, 'unavailable'),
(545, 31, 13, 'unavailable'),
(546, 31, 14, 'unavailable'),
(547, 31, 15, 'unavailable'),
(548, 31, 16, 'unavailable'),
(549, 31, 17, 'unavailable'),
(550, 31, 18, 'unavailable'),
(551, 31, 19, 'unavailable'),
(552, 31, 20, 'unavailable'),
(553, 31, 21, 'unavailable'),
(554, 31, 22, 'unavailable'),
(555, 31, 23, 'unavailable'),
(556, 31, 24, 'unavailable'),
(557, 31, 25, 'unavailable'),
(558, 31, 26, 'unavailable'),
(559, 31, 27, 'unavailable'),
(560, 31, 28, 'unavailable'),
(561, 31, 29, 'unavailable'),
(562, 31, 30, 'unavailable'),
(563, 31, 31, 'unavailable'),
(564, 31, 32, 'unavailable'),
(565, 31, 33, 'unavailable'),
(566, 31, 34, 'unavailable'),
(567, 31, 35, 'unavailable'),
(568, 31, 36, 'unavailable'),
(569, 31, 37, 'unavailable'),
(570, 31, 38, 'unavailable'),
(571, 32, 1, 'available'),
(572, 32, 2, 'available'),
(573, 32, 3, 'unavailable'),
(574, 32, 4, 'unavailable'),
(575, 32, 5, 'unavailable'),
(576, 32, 6, 'unavailable'),
(577, 32, 7, 'unavailable'),
(578, 32, 8, 'unavailable'),
(579, 32, 9, 'unavailable'),
(580, 32, 10, 'unavailable'),
(581, 32, 11, 'unavailable'),
(582, 32, 12, 'unavailable'),
(583, 32, 13, 'unavailable'),
(584, 32, 14, 'unavailable'),
(585, 32, 15, 'unavailable'),
(586, 32, 16, 'unavailable'),
(587, 32, 17, 'unavailable'),
(588, 32, 18, 'unavailable'),
(589, 32, 19, 'unavailable'),
(590, 32, 20, 'unavailable'),
(591, 32, 21, 'unavailable'),
(592, 32, 22, 'unavailable'),
(593, 32, 23, 'unavailable'),
(594, 32, 24, 'unavailable'),
(595, 32, 25, 'unavailable'),
(596, 32, 26, 'unavailable'),
(597, 32, 27, 'unavailable'),
(598, 32, 28, 'unavailable'),
(599, 32, 29, 'unavailable'),
(600, 32, 30, 'unavailable'),
(601, 32, 31, 'unavailable'),
(602, 32, 32, 'unavailable'),
(603, 32, 33, 'unavailable'),
(604, 32, 34, 'unavailable'),
(605, 32, 35, 'unavailable'),
(606, 32, 36, 'unavailable'),
(607, 32, 37, 'unavailable'),
(608, 32, 38, 'unavailable'),
(609, 33, 1, 'available'),
(610, 33, 2, 'available'),
(611, 33, 3, 'unavailable'),
(612, 33, 4, 'unavailable'),
(613, 33, 5, 'unavailable'),
(614, 33, 6, 'unavailable'),
(615, 33, 7, 'unavailable'),
(616, 33, 8, 'unavailable'),
(617, 33, 9, 'unavailable'),
(618, 33, 10, 'unavailable'),
(619, 33, 11, 'unavailable'),
(620, 33, 12, 'unavailable'),
(621, 33, 13, 'unavailable'),
(622, 33, 14, 'unavailable'),
(623, 33, 15, 'unavailable'),
(624, 33, 16, 'unavailable'),
(625, 33, 17, 'unavailable'),
(626, 33, 18, 'unavailable'),
(627, 33, 19, 'unavailable'),
(628, 33, 20, 'unavailable'),
(629, 33, 21, 'unavailable'),
(630, 33, 22, 'unavailable'),
(631, 33, 23, 'unavailable'),
(632, 33, 24, 'unavailable'),
(633, 33, 25, 'unavailable'),
(634, 33, 26, 'unavailable'),
(635, 33, 27, 'unavailable'),
(636, 33, 28, 'unavailable'),
(637, 33, 29, 'unavailable'),
(638, 33, 30, 'unavailable'),
(639, 33, 31, 'unavailable'),
(640, 33, 32, 'unavailable'),
(641, 33, 33, 'unavailable'),
(642, 33, 34, 'unavailable'),
(643, 33, 35, 'unavailable'),
(644, 33, 36, 'unavailable'),
(645, 33, 37, 'unavailable'),
(646, 33, 38, 'unavailable'),
(647, 34, 1, 'available'),
(648, 34, 2, 'available'),
(649, 34, 3, 'unavailable'),
(650, 34, 4, 'unavailable'),
(651, 34, 5, 'unavailable'),
(652, 34, 6, 'unavailable'),
(653, 34, 7, 'unavailable'),
(654, 34, 8, 'unavailable'),
(655, 34, 9, 'unavailable'),
(656, 34, 10, 'unavailable'),
(657, 34, 11, 'unavailable'),
(658, 34, 12, 'unavailable'),
(659, 34, 13, 'unavailable'),
(660, 34, 14, 'unavailable'),
(661, 34, 15, 'unavailable'),
(662, 34, 16, 'unavailable'),
(663, 34, 17, 'unavailable'),
(664, 34, 18, 'unavailable'),
(665, 34, 19, 'unavailable'),
(666, 34, 20, 'unavailable'),
(667, 34, 21, 'unavailable'),
(668, 34, 22, 'unavailable'),
(669, 34, 23, 'unavailable'),
(670, 34, 24, 'unavailable'),
(671, 34, 25, 'unavailable'),
(672, 34, 26, 'unavailable'),
(673, 34, 27, 'unavailable'),
(674, 34, 28, 'unavailable'),
(675, 34, 29, 'unavailable'),
(676, 34, 30, 'unavailable'),
(677, 34, 31, 'unavailable'),
(678, 34, 32, 'unavailable'),
(679, 34, 33, 'unavailable'),
(680, 34, 34, 'unavailable'),
(681, 34, 35, 'unavailable'),
(682, 34, 36, 'unavailable'),
(683, 34, 37, 'unavailable'),
(684, 34, 38, 'unavailable'),
(685, 35, 1, 'available'),
(686, 35, 2, 'available'),
(687, 35, 3, 'unavailable'),
(688, 35, 4, 'unavailable'),
(689, 35, 5, 'unavailable'),
(690, 35, 6, 'unavailable'),
(691, 35, 7, 'unavailable'),
(692, 35, 8, 'unavailable'),
(693, 35, 9, 'unavailable'),
(694, 35, 10, 'unavailable'),
(695, 35, 11, 'unavailable'),
(696, 35, 12, 'unavailable'),
(697, 35, 13, 'unavailable'),
(698, 35, 14, 'unavailable'),
(699, 35, 15, 'unavailable'),
(700, 35, 16, 'unavailable'),
(701, 35, 17, 'unavailable'),
(702, 35, 18, 'unavailable'),
(703, 35, 19, 'unavailable'),
(704, 35, 20, 'unavailable'),
(705, 35, 21, 'unavailable'),
(706, 35, 22, 'unavailable'),
(707, 35, 23, 'unavailable'),
(708, 35, 24, 'unavailable'),
(709, 35, 25, 'unavailable'),
(710, 35, 26, 'unavailable'),
(711, 35, 27, 'unavailable'),
(712, 35, 28, 'unavailable'),
(713, 35, 29, 'unavailable'),
(714, 35, 30, 'unavailable'),
(715, 35, 31, 'unavailable'),
(716, 35, 32, 'unavailable'),
(717, 35, 33, 'unavailable'),
(718, 35, 34, 'unavailable'),
(719, 35, 35, 'unavailable'),
(720, 35, 36, 'unavailable'),
(721, 35, 37, 'unavailable'),
(722, 35, 38, 'unavailable'),
(723, 36, 1, 'available'),
(724, 36, 2, 'available'),
(725, 36, 3, 'unavailable'),
(726, 36, 4, 'unavailable'),
(727, 36, 5, 'unavailable'),
(728, 36, 6, 'unavailable'),
(729, 36, 7, 'unavailable'),
(730, 36, 8, 'unavailable'),
(731, 36, 9, 'unavailable'),
(732, 36, 10, 'unavailable'),
(733, 36, 11, 'unavailable'),
(734, 36, 12, 'unavailable'),
(735, 36, 13, 'unavailable'),
(736, 36, 14, 'unavailable'),
(737, 36, 15, 'unavailable'),
(738, 36, 16, 'unavailable'),
(739, 36, 17, 'unavailable'),
(740, 36, 18, 'unavailable'),
(741, 36, 19, 'unavailable'),
(742, 36, 20, 'unavailable'),
(743, 36, 21, 'unavailable'),
(744, 36, 22, 'unavailable'),
(745, 36, 23, 'unavailable'),
(746, 36, 24, 'unavailable'),
(747, 36, 25, 'unavailable'),
(748, 36, 26, 'unavailable'),
(749, 36, 27, 'unavailable'),
(750, 36, 28, 'unavailable'),
(751, 36, 29, 'unavailable'),
(752, 36, 30, 'unavailable'),
(753, 36, 31, 'unavailable'),
(754, 36, 32, 'unavailable'),
(755, 36, 33, 'unavailable'),
(756, 36, 34, 'unavailable'),
(757, 36, 35, 'unavailable'),
(758, 36, 36, 'unavailable'),
(759, 36, 37, 'unavailable'),
(760, 36, 38, 'unavailable'),
(761, 37, 1, 'available'),
(762, 37, 2, 'available'),
(763, 37, 3, 'unavailable'),
(764, 37, 4, 'unavailable'),
(765, 37, 5, 'unavailable'),
(766, 37, 6, 'unavailable'),
(767, 37, 7, 'unavailable'),
(768, 37, 8, 'unavailable'),
(769, 37, 9, 'unavailable'),
(770, 37, 10, 'unavailable'),
(771, 37, 11, 'unavailable'),
(772, 37, 12, 'unavailable'),
(773, 37, 13, 'unavailable'),
(774, 37, 14, 'unavailable'),
(775, 37, 15, 'unavailable'),
(776, 37, 16, 'unavailable'),
(777, 37, 17, 'unavailable'),
(778, 37, 18, 'unavailable'),
(779, 37, 19, 'unavailable'),
(780, 37, 20, 'unavailable'),
(781, 37, 21, 'unavailable'),
(782, 37, 22, 'unavailable'),
(783, 37, 23, 'unavailable'),
(784, 37, 24, 'unavailable'),
(785, 37, 25, 'unavailable'),
(786, 37, 26, 'unavailable'),
(787, 37, 27, 'unavailable'),
(788, 37, 28, 'unavailable'),
(789, 37, 29, 'unavailable'),
(790, 37, 30, 'unavailable'),
(791, 37, 31, 'unavailable'),
(792, 37, 32, 'unavailable'),
(793, 37, 33, 'unavailable'),
(794, 37, 34, 'unavailable'),
(795, 37, 35, 'unavailable'),
(796, 37, 36, 'unavailable'),
(797, 37, 37, 'unavailable'),
(798, 37, 38, 'unavailable');

-- --------------------------------------------------------

--
-- Table structure for table `vaksin_anak`
--

CREATE TABLE `vaksin_anak` (
  `id` int(11) NOT NULL,
  `id_anak` int(11) DEFAULT NULL,
  `id_posyandu` int(11) DEFAULT NULL,
  `id_jenis` int(11) DEFAULT NULL,
  `tanggal` date DEFAULT NULL,
  `status` enum('sudah','belum') DEFAULT 'belum'
) ENGINE=InnoDB DEFAULT CHARSET=utf8mb4 COLLATE=utf8mb4_general_ci;

--
-- Dumping data for table `vaksin_anak`
--

INSERT INTO `vaksin_anak` (`id`, `id_anak`, `id_posyandu`, `id_jenis`, `tanggal`, `status`) VALUES
(1, 1, NULL, 1, NULL, 'belum'),
(2, 1, NULL, 2, NULL, 'belum'),
(3, 1, NULL, 3, NULL, 'belum'),
(4, 1, NULL, 4, NULL, 'belum'),
(5, 1, NULL, 5, NULL, 'belum'),
(6, 1, NULL, 6, NULL, 'belum'),
(7, 1, NULL, 7, NULL, 'belum'),
(8, 1, NULL, 8, NULL, 'belum'),
(9, 1, NULL, 9, NULL, 'belum'),
(10, 1, NULL, 10, NULL, 'belum'),
(11, 1, NULL, 11, NULL, 'belum'),
(12, 1, NULL, 12, NULL, 'belum'),
(13, 1, NULL, 13, NULL, 'belum'),
(14, 1, NULL, 14, NULL, 'belum'),
(15, 1, NULL, 15, NULL, 'belum'),
(16, 1, NULL, 16, NULL, 'belum'),
(17, 1, NULL, 17, NULL, 'belum'),
(18, 1, NULL, 18, NULL, 'belum'),
(19, 1, NULL, 19, NULL, 'belum'),
(20, 1, NULL, 20, NULL, 'belum'),
(21, 1, NULL, 21, NULL, 'belum'),
(22, 1, NULL, 22, NULL, 'belum'),
(23, 1, NULL, 23, NULL, 'belum'),
(24, 1, NULL, 24, NULL, 'belum'),
(25, 1, NULL, 25, NULL, 'belum'),
(26, 1, NULL, 26, NULL, 'belum'),
(27, 1, NULL, 27, NULL, 'belum'),
(28, 1, NULL, 28, NULL, 'belum'),
(29, 1, NULL, 29, NULL, 'belum'),
(30, 1, NULL, 30, NULL, 'belum'),
(31, 1, NULL, 31, NULL, 'belum'),
(32, 1, NULL, 32, NULL, 'belum'),
(33, 1, NULL, 33, NULL, 'belum'),
(34, 1, NULL, 34, NULL, 'belum'),
(35, 1, NULL, 35, NULL, 'belum'),
(36, 1, NULL, 36, NULL, 'belum'),
(37, 1, NULL, 37, NULL, 'belum'),
(38, 1, NULL, 38, NULL, 'belum'),
(39, 2, NULL, 1, NULL, 'belum'),
(40, 2, NULL, 2, NULL, 'belum'),
(41, 2, NULL, 3, NULL, 'belum'),
(42, 2, NULL, 4, NULL, 'belum'),
(43, 2, NULL, 5, NULL, 'belum'),
(44, 2, NULL, 6, NULL, 'belum'),
(45, 2, NULL, 7, NULL, 'belum'),
(46, 2, NULL, 8, NULL, 'belum'),
(47, 2, NULL, 9, NULL, 'belum'),
(48, 2, NULL, 10, NULL, 'belum'),
(49, 2, NULL, 11, NULL, 'belum'),
(50, 2, NULL, 12, NULL, 'belum'),
(51, 2, NULL, 13, NULL, 'belum'),
(52, 2, NULL, 14, NULL, 'belum'),
(53, 2, NULL, 15, NULL, 'belum'),
(54, 2, NULL, 16, NULL, 'belum'),
(55, 2, NULL, 17, NULL, 'belum'),
(56, 2, NULL, 18, NULL, 'belum'),
(57, 2, NULL, 19, NULL, 'belum'),
(58, 2, NULL, 20, NULL, 'belum'),
(59, 2, NULL, 21, NULL, 'belum'),
(60, 2, NULL, 22, NULL, 'belum'),
(61, 2, NULL, 23, NULL, 'belum'),
(62, 2, NULL, 24, NULL, 'belum'),
(63, 2, NULL, 25, NULL, 'belum'),
(64, 2, NULL, 26, NULL, 'belum'),
(65, 2, NULL, 27, NULL, 'belum'),
(66, 2, NULL, 28, NULL, 'belum'),
(67, 2, NULL, 29, NULL, 'belum'),
(68, 2, NULL, 30, NULL, 'belum'),
(69, 2, NULL, 31, NULL, 'belum'),
(70, 2, NULL, 32, NULL, 'belum'),
(71, 2, NULL, 33, NULL, 'belum'),
(72, 2, NULL, 34, NULL, 'belum'),
(73, 2, NULL, 35, NULL, 'belum'),
(74, 2, NULL, 36, NULL, 'belum'),
(75, 2, NULL, 37, NULL, 'belum'),
(76, 2, NULL, 38, NULL, 'belum'),
(77, 3, NULL, 1, NULL, 'belum'),
(78, 3, NULL, 2, NULL, 'belum'),
(79, 3, NULL, 3, NULL, 'belum'),
(80, 3, NULL, 4, NULL, 'belum'),
(81, 3, NULL, 5, NULL, 'belum'),
(82, 3, NULL, 6, NULL, 'belum'),
(83, 3, NULL, 7, NULL, 'belum'),
(84, 3, NULL, 8, NULL, 'belum'),
(85, 3, NULL, 9, NULL, 'belum'),
(86, 3, NULL, 10, NULL, 'belum'),
(87, 3, NULL, 11, NULL, 'belum'),
(88, 3, NULL, 12, NULL, 'belum'),
(89, 3, NULL, 13, NULL, 'belum'),
(90, 3, NULL, 14, NULL, 'belum'),
(91, 3, NULL, 15, NULL, 'belum'),
(92, 3, NULL, 16, NULL, 'belum'),
(93, 3, NULL, 17, NULL, 'belum'),
(94, 3, NULL, 18, NULL, 'belum'),
(95, 3, NULL, 19, NULL, 'belum'),
(96, 3, NULL, 20, NULL, 'belum'),
(97, 3, NULL, 21, NULL, 'belum'),
(98, 3, NULL, 22, NULL, 'belum'),
(99, 3, NULL, 23, NULL, 'belum'),
(100, 3, NULL, 24, NULL, 'belum'),
(101, 3, NULL, 25, NULL, 'belum'),
(102, 3, NULL, 26, NULL, 'belum'),
(103, 3, NULL, 27, NULL, 'belum'),
(104, 3, NULL, 28, NULL, 'belum'),
(105, 3, NULL, 29, NULL, 'belum'),
(106, 3, NULL, 30, NULL, 'belum'),
(107, 3, NULL, 31, NULL, 'belum'),
(108, 3, NULL, 32, NULL, 'belum'),
(109, 3, NULL, 33, NULL, 'belum'),
(110, 3, NULL, 34, NULL, 'belum'),
(111, 3, NULL, 35, NULL, 'belum'),
(112, 3, NULL, 36, NULL, 'belum'),
(113, 3, NULL, 37, NULL, 'belum'),
(114, 3, NULL, 38, NULL, 'belum'),
(115, 4, NULL, 1, NULL, 'belum'),
(116, 4, NULL, 2, NULL, 'belum'),
(117, 4, NULL, 3, NULL, 'belum'),
(118, 4, NULL, 4, NULL, 'belum'),
(119, 4, NULL, 5, NULL, 'belum'),
(120, 4, NULL, 6, NULL, 'belum'),
(121, 4, NULL, 7, NULL, 'belum'),
(122, 4, NULL, 8, NULL, 'belum'),
(123, 4, 18, 9, '2024-06-18', 'sudah'),
(124, 4, NULL, 10, NULL, 'belum'),
(125, 4, NULL, 11, NULL, 'belum'),
(126, 4, NULL, 12, NULL, 'belum'),
(127, 4, NULL, 13, NULL, 'belum'),
(128, 4, NULL, 14, NULL, 'belum'),
(129, 4, NULL, 15, NULL, 'belum'),
(130, 4, NULL, 16, NULL, 'belum'),
(131, 4, NULL, 17, NULL, 'belum'),
(132, 4, NULL, 18, NULL, 'belum'),
(133, 4, NULL, 19, NULL, 'belum'),
(134, 4, NULL, 20, NULL, 'belum'),
(135, 4, NULL, 21, NULL, 'belum'),
(136, 4, NULL, 22, NULL, 'belum'),
(137, 4, NULL, 23, NULL, 'belum'),
(138, 4, NULL, 24, NULL, 'belum'),
(139, 4, NULL, 25, NULL, 'belum'),
(140, 4, NULL, 26, NULL, 'belum'),
(141, 4, NULL, 27, NULL, 'belum'),
(142, 4, NULL, 28, NULL, 'belum'),
(143, 4, NULL, 29, NULL, 'belum'),
(144, 4, NULL, 30, NULL, 'belum'),
(145, 4, NULL, 31, NULL, 'belum'),
(146, 4, NULL, 32, NULL, 'belum'),
(147, 4, NULL, 33, NULL, 'belum'),
(148, 4, NULL, 34, NULL, 'belum'),
(149, 4, NULL, 35, NULL, 'belum'),
(150, 4, NULL, 36, NULL, 'belum'),
(151, 4, NULL, 37, NULL, 'belum'),
(152, 4, NULL, 38, NULL, 'belum'),
(153, 5, NULL, 1, NULL, 'belum'),
(154, 5, NULL, 2, NULL, 'belum'),
(155, 5, NULL, 3, NULL, 'belum'),
(156, 5, NULL, 4, NULL, 'belum'),
(157, 5, NULL, 5, NULL, 'belum'),
(158, 5, NULL, 6, NULL, 'belum'),
(159, 5, NULL, 7, NULL, 'belum'),
(160, 5, NULL, 8, NULL, 'belum'),
(161, 5, NULL, 9, NULL, 'belum'),
(162, 5, NULL, 10, NULL, 'belum'),
(163, 5, NULL, 11, NULL, 'belum'),
(164, 5, NULL, 12, NULL, 'belum'),
(165, 5, NULL, 13, NULL, 'belum'),
(166, 5, NULL, 14, NULL, 'belum'),
(167, 5, NULL, 15, NULL, 'belum'),
(168, 5, NULL, 16, NULL, 'belum'),
(169, 5, NULL, 17, NULL, 'belum'),
(170, 5, NULL, 18, NULL, 'belum'),
(171, 5, NULL, 19, NULL, 'belum'),
(172, 5, NULL, 20, NULL, 'belum'),
(173, 5, NULL, 21, NULL, 'belum'),
(174, 5, NULL, 22, NULL, 'belum'),
(175, 5, NULL, 23, NULL, 'belum'),
(176, 5, NULL, 24, NULL, 'belum'),
(177, 5, NULL, 25, NULL, 'belum'),
(178, 5, NULL, 26, NULL, 'belum'),
(179, 5, NULL, 27, NULL, 'belum'),
(180, 5, NULL, 28, NULL, 'belum'),
(181, 5, NULL, 29, NULL, 'belum'),
(182, 5, NULL, 30, NULL, 'belum'),
(183, 5, NULL, 31, NULL, 'belum'),
(184, 5, NULL, 32, NULL, 'belum'),
(185, 5, NULL, 33, NULL, 'belum'),
(186, 5, NULL, 34, NULL, 'belum'),
(187, 5, NULL, 35, NULL, 'belum'),
(188, 5, NULL, 36, NULL, 'belum'),
(189, 5, NULL, 37, NULL, 'belum'),
(190, 5, NULL, 38, NULL, 'belum'),
(191, 6, NULL, 1, NULL, 'belum'),
(192, 6, NULL, 2, NULL, 'belum'),
(193, 6, NULL, 3, NULL, 'belum'),
(194, 6, NULL, 4, NULL, 'belum'),
(195, 6, NULL, 5, NULL, 'belum'),
(196, 6, NULL, 6, NULL, 'belum'),
(197, 6, NULL, 7, NULL, 'belum'),
(198, 6, NULL, 8, NULL, 'belum'),
(199, 6, NULL, 9, NULL, 'belum'),
(200, 6, NULL, 10, NULL, 'belum'),
(201, 6, NULL, 11, NULL, 'belum'),
(202, 6, NULL, 12, NULL, 'belum'),
(203, 6, NULL, 13, NULL, 'belum'),
(204, 6, NULL, 14, NULL, 'belum'),
(205, 6, NULL, 15, NULL, 'belum'),
(206, 6, NULL, 16, NULL, 'belum'),
(207, 6, NULL, 17, NULL, 'belum'),
(208, 6, NULL, 18, NULL, 'belum'),
(209, 6, NULL, 19, NULL, 'belum'),
(210, 6, NULL, 20, NULL, 'belum'),
(211, 6, NULL, 21, NULL, 'belum'),
(212, 6, NULL, 22, NULL, 'belum'),
(213, 6, NULL, 23, NULL, 'belum'),
(214, 6, NULL, 24, NULL, 'belum'),
(215, 6, NULL, 25, NULL, 'belum'),
(216, 6, NULL, 26, NULL, 'belum'),
(217, 6, NULL, 27, NULL, 'belum'),
(218, 6, NULL, 28, NULL, 'belum'),
(219, 6, NULL, 29, NULL, 'belum'),
(220, 6, NULL, 30, NULL, 'belum'),
(221, 6, NULL, 31, NULL, 'belum'),
(222, 6, NULL, 32, NULL, 'belum'),
(223, 6, NULL, 33, NULL, 'belum'),
(224, 6, NULL, 34, NULL, 'belum'),
(225, 6, NULL, 35, NULL, 'belum'),
(226, 6, NULL, 36, NULL, 'belum'),
(227, 6, NULL, 37, NULL, 'belum'),
(228, 6, NULL, 38, NULL, 'belum'),
(229, 7, NULL, 1, NULL, 'belum'),
(230, 7, NULL, 2, NULL, 'belum'),
(231, 7, NULL, 3, NULL, 'belum'),
(232, 7, NULL, 4, NULL, 'belum'),
(233, 7, NULL, 5, NULL, 'belum'),
(234, 7, NULL, 6, NULL, 'belum'),
(235, 7, NULL, 7, NULL, 'belum'),
(236, 7, NULL, 8, NULL, 'belum'),
(237, 7, NULL, 9, NULL, 'belum'),
(238, 7, NULL, 10, NULL, 'belum'),
(239, 7, NULL, 11, NULL, 'belum'),
(240, 7, NULL, 12, NULL, 'belum'),
(241, 7, NULL, 13, NULL, 'belum'),
(242, 7, NULL, 14, NULL, 'belum'),
(243, 7, NULL, 15, NULL, 'belum'),
(244, 7, NULL, 16, NULL, 'belum'),
(245, 7, NULL, 17, NULL, 'belum'),
(246, 7, NULL, 18, NULL, 'belum'),
(247, 7, NULL, 19, NULL, 'belum'),
(248, 7, NULL, 20, NULL, 'belum'),
(249, 7, NULL, 21, NULL, 'belum'),
(250, 7, NULL, 22, NULL, 'belum'),
(251, 7, NULL, 23, NULL, 'belum'),
(252, 7, NULL, 24, NULL, 'belum'),
(253, 7, NULL, 25, NULL, 'belum'),
(254, 7, NULL, 26, NULL, 'belum'),
(255, 7, NULL, 27, NULL, 'belum'),
(256, 7, NULL, 28, NULL, 'belum'),
(257, 7, NULL, 29, NULL, 'belum'),
(258, 7, NULL, 30, NULL, 'belum'),
(259, 7, NULL, 31, NULL, 'belum'),
(260, 7, NULL, 32, NULL, 'belum'),
(261, 7, NULL, 33, NULL, 'belum'),
(262, 7, NULL, 34, NULL, 'belum'),
(263, 7, NULL, 35, NULL, 'belum'),
(264, 7, NULL, 36, NULL, 'belum'),
(265, 7, NULL, 37, NULL, 'belum'),
(266, 7, NULL, 38, NULL, 'belum'),
(267, 8, NULL, 1, NULL, 'belum'),
(268, 8, NULL, 2, NULL, 'belum'),
(269, 8, NULL, 3, NULL, 'belum'),
(270, 8, NULL, 4, NULL, 'belum'),
(271, 8, NULL, 5, NULL, 'belum'),
(272, 8, NULL, 6, NULL, 'belum'),
(273, 8, NULL, 7, NULL, 'belum'),
(274, 8, NULL, 8, NULL, 'belum'),
(275, 8, NULL, 9, NULL, 'belum'),
(276, 8, NULL, 10, NULL, 'belum'),
(277, 8, NULL, 11, NULL, 'belum'),
(278, 8, NULL, 12, NULL, 'belum'),
(279, 8, NULL, 13, NULL, 'belum'),
(280, 8, NULL, 14, NULL, 'belum'),
(281, 8, NULL, 15, NULL, 'belum'),
(282, 8, NULL, 16, NULL, 'belum'),
(283, 8, NULL, 17, NULL, 'belum'),
(284, 8, NULL, 18, NULL, 'belum'),
(285, 8, NULL, 19, NULL, 'belum'),
(286, 8, NULL, 20, NULL, 'belum'),
(287, 8, NULL, 21, NULL, 'belum'),
(288, 8, NULL, 22, NULL, 'belum'),
(289, 8, NULL, 23, NULL, 'belum'),
(290, 8, NULL, 24, NULL, 'belum'),
(291, 8, NULL, 25, NULL, 'belum'),
(292, 8, NULL, 26, NULL, 'belum'),
(293, 8, NULL, 27, NULL, 'belum'),
(294, 8, NULL, 28, NULL, 'belum'),
(295, 8, NULL, 29, NULL, 'belum'),
(296, 8, NULL, 30, NULL, 'belum'),
(297, 8, NULL, 31, NULL, 'belum'),
(298, 8, NULL, 32, NULL, 'belum'),
(299, 8, NULL, 33, NULL, 'belum'),
(300, 8, NULL, 34, NULL, 'belum'),
(301, 8, NULL, 35, NULL, 'belum'),
(302, 8, NULL, 36, NULL, 'belum'),
(303, 8, NULL, 37, NULL, 'belum'),
(304, 8, NULL, 38, NULL, 'belum'),
(305, 9, 25, 1, '2024-06-13', 'sudah'),
(306, 9, NULL, 2, NULL, 'belum'),
(307, 9, NULL, 3, NULL, 'belum'),
(308, 9, NULL, 4, NULL, 'belum'),
(309, 9, NULL, 5, NULL, 'belum'),
(310, 9, NULL, 6, NULL, 'belum'),
(311, 9, NULL, 7, NULL, 'belum'),
(312, 9, NULL, 8, NULL, 'belum'),
(313, 9, NULL, 9, NULL, 'belum'),
(314, 9, NULL, 10, NULL, 'belum'),
(315, 9, NULL, 11, NULL, 'belum'),
(316, 9, NULL, 12, NULL, 'belum'),
(317, 9, NULL, 13, NULL, 'belum'),
(318, 9, NULL, 14, NULL, 'belum'),
(319, 9, NULL, 15, NULL, 'belum'),
(320, 9, NULL, 16, NULL, 'belum'),
(321, 9, NULL, 17, NULL, 'belum'),
(322, 9, NULL, 18, NULL, 'belum'),
(323, 9, NULL, 19, NULL, 'belum'),
(324, 9, NULL, 20, NULL, 'belum'),
(325, 9, NULL, 21, NULL, 'belum'),
(326, 9, NULL, 22, NULL, 'belum'),
(327, 9, NULL, 23, NULL, 'belum'),
(328, 9, NULL, 24, NULL, 'belum'),
(329, 9, NULL, 25, NULL, 'belum'),
(330, 9, NULL, 26, NULL, 'belum'),
(331, 9, NULL, 27, NULL, 'belum'),
(332, 9, NULL, 28, NULL, 'belum'),
(333, 9, NULL, 29, NULL, 'belum'),
(334, 9, NULL, 30, NULL, 'belum'),
(335, 9, NULL, 31, NULL, 'belum'),
(336, 9, NULL, 32, NULL, 'belum'),
(337, 9, NULL, 33, NULL, 'belum'),
(338, 9, NULL, 34, NULL, 'belum'),
(339, 9, NULL, 35, NULL, 'belum'),
(340, 9, NULL, 36, NULL, 'belum'),
(341, 9, NULL, 37, NULL, 'belum'),
(342, 9, NULL, 38, NULL, 'belum'),
(343, 10, NULL, 1, NULL, 'belum'),
(344, 10, NULL, 2, NULL, 'belum'),
(345, 10, NULL, 3, NULL, 'belum'),
(346, 10, NULL, 4, NULL, 'belum'),
(347, 10, NULL, 5, NULL, 'belum'),
(348, 10, NULL, 6, NULL, 'belum'),
(349, 10, NULL, 7, NULL, 'belum'),
(350, 10, NULL, 8, NULL, 'belum'),
(351, 10, NULL, 9, NULL, 'belum'),
(352, 10, NULL, 10, NULL, 'belum'),
(353, 10, NULL, 11, NULL, 'belum'),
(354, 10, NULL, 12, NULL, 'belum'),
(355, 10, NULL, 13, NULL, 'belum'),
(356, 10, NULL, 14, NULL, 'belum'),
(357, 10, NULL, 15, NULL, 'belum'),
(358, 10, NULL, 16, NULL, 'belum'),
(359, 10, NULL, 17, NULL, 'belum'),
(360, 10, NULL, 18, NULL, 'belum'),
(361, 10, NULL, 19, NULL, 'belum'),
(362, 10, NULL, 20, NULL, 'belum'),
(363, 10, NULL, 21, NULL, 'belum'),
(364, 10, NULL, 22, NULL, 'belum'),
(365, 10, NULL, 23, NULL, 'belum'),
(366, 10, NULL, 24, NULL, 'belum'),
(367, 10, NULL, 25, NULL, 'belum'),
(368, 10, NULL, 26, NULL, 'belum'),
(369, 10, NULL, 27, NULL, 'belum'),
(370, 10, NULL, 28, NULL, 'belum'),
(371, 10, NULL, 29, NULL, 'belum'),
(372, 10, NULL, 30, NULL, 'belum'),
(373, 10, NULL, 31, NULL, 'belum'),
(374, 10, NULL, 32, NULL, 'belum'),
(375, 10, NULL, 33, NULL, 'belum'),
(376, 10, NULL, 34, NULL, 'belum'),
(377, 10, NULL, 35, NULL, 'belum'),
(378, 10, NULL, 36, NULL, 'belum'),
(379, 10, NULL, 37, NULL, 'belum'),
(380, 10, NULL, 38, NULL, 'belum'),
(381, 11, NULL, 1, NULL, 'belum'),
(382, 11, NULL, 2, NULL, 'belum'),
(383, 11, NULL, 3, NULL, 'belum'),
(384, 11, NULL, 4, NULL, 'belum'),
(385, 11, NULL, 5, NULL, 'belum'),
(386, 11, NULL, 6, NULL, 'belum'),
(387, 11, NULL, 7, NULL, 'belum'),
(388, 11, NULL, 8, NULL, 'belum'),
(389, 11, NULL, 9, NULL, 'belum'),
(390, 11, NULL, 10, NULL, 'belum'),
(391, 11, NULL, 11, NULL, 'belum'),
(392, 11, NULL, 12, NULL, 'belum'),
(393, 11, NULL, 13, NULL, 'belum'),
(394, 11, NULL, 14, NULL, 'belum'),
(395, 11, NULL, 15, NULL, 'belum'),
(396, 11, NULL, 16, NULL, 'belum'),
(397, 11, NULL, 17, NULL, 'belum'),
(398, 11, NULL, 18, NULL, 'belum'),
(399, 11, NULL, 19, NULL, 'belum'),
(400, 11, NULL, 20, NULL, 'belum'),
(401, 11, NULL, 21, NULL, 'belum'),
(402, 11, NULL, 22, NULL, 'belum'),
(403, 11, NULL, 23, NULL, 'belum'),
(404, 11, NULL, 24, NULL, 'belum'),
(405, 11, NULL, 25, NULL, 'belum'),
(406, 11, NULL, 26, NULL, 'belum'),
(407, 11, NULL, 27, NULL, 'belum'),
(408, 11, NULL, 28, NULL, 'belum'),
(409, 11, NULL, 29, NULL, 'belum'),
(410, 11, NULL, 30, NULL, 'belum'),
(411, 11, NULL, 31, NULL, 'belum'),
(412, 11, NULL, 32, NULL, 'belum'),
(413, 11, NULL, 33, NULL, 'belum'),
(414, 11, NULL, 34, NULL, 'belum'),
(415, 11, NULL, 35, NULL, 'belum'),
(416, 11, NULL, 36, NULL, 'belum'),
(417, 11, NULL, 37, NULL, 'belum'),
(418, 11, NULL, 38, NULL, 'belum'),
(419, 12, NULL, 1, NULL, 'belum'),
(420, 12, NULL, 2, NULL, 'belum'),
(421, 12, NULL, 3, NULL, 'belum'),
(422, 12, NULL, 4, NULL, 'belum'),
(423, 12, NULL, 5, NULL, 'belum'),
(424, 12, NULL, 6, NULL, 'belum'),
(425, 12, NULL, 7, NULL, 'belum'),
(426, 12, NULL, 8, NULL, 'belum'),
(427, 12, NULL, 9, NULL, 'belum'),
(428, 12, NULL, 10, NULL, 'belum'),
(429, 12, NULL, 11, NULL, 'belum'),
(430, 12, NULL, 12, NULL, 'belum'),
(431, 12, NULL, 13, NULL, 'belum'),
(432, 12, NULL, 14, NULL, 'belum'),
(433, 12, NULL, 15, NULL, 'belum'),
(434, 12, NULL, 16, NULL, 'belum'),
(435, 12, NULL, 17, NULL, 'belum'),
(436, 12, NULL, 18, NULL, 'belum'),
(437, 12, NULL, 19, NULL, 'belum'),
(438, 12, NULL, 20, NULL, 'belum'),
(439, 12, NULL, 21, NULL, 'belum'),
(440, 12, NULL, 22, NULL, 'belum'),
(441, 12, NULL, 23, NULL, 'belum'),
(442, 12, NULL, 24, NULL, 'belum'),
(443, 12, NULL, 25, NULL, 'belum'),
(444, 12, NULL, 26, NULL, 'belum'),
(445, 12, NULL, 27, NULL, 'belum'),
(446, 12, NULL, 28, NULL, 'belum'),
(447, 12, NULL, 29, NULL, 'belum'),
(448, 12, NULL, 30, NULL, 'belum'),
(449, 12, NULL, 31, NULL, 'belum'),
(450, 12, NULL, 32, NULL, 'belum'),
(451, 12, NULL, 33, NULL, 'belum'),
(452, 12, NULL, 34, NULL, 'belum'),
(453, 12, NULL, 35, NULL, 'belum'),
(454, 12, NULL, 36, NULL, 'belum'),
(455, 12, NULL, 37, NULL, 'belum'),
(456, 12, NULL, 38, NULL, 'belum'),
(457, 13, NULL, 1, NULL, 'belum'),
(458, 13, NULL, 2, NULL, 'belum'),
(459, 13, NULL, 3, NULL, 'belum'),
(460, 13, NULL, 4, NULL, 'belum'),
(461, 13, NULL, 5, NULL, 'belum'),
(462, 13, NULL, 6, NULL, 'belum'),
(463, 13, NULL, 7, NULL, 'belum'),
(464, 13, NULL, 8, NULL, 'belum'),
(465, 13, NULL, 9, NULL, 'belum'),
(466, 13, NULL, 10, NULL, 'belum'),
(467, 13, NULL, 11, NULL, 'belum'),
(468, 13, NULL, 12, NULL, 'belum'),
(469, 13, NULL, 13, NULL, 'belum'),
(470, 13, NULL, 14, NULL, 'belum'),
(471, 13, NULL, 15, NULL, 'belum'),
(472, 13, NULL, 16, NULL, 'belum'),
(473, 13, NULL, 17, NULL, 'belum'),
(474, 13, NULL, 18, NULL, 'belum'),
(475, 13, NULL, 19, NULL, 'belum'),
(476, 13, NULL, 20, NULL, 'belum'),
(477, 13, NULL, 21, NULL, 'belum'),
(478, 13, NULL, 22, NULL, 'belum'),
(479, 13, NULL, 23, NULL, 'belum'),
(480, 13, NULL, 24, NULL, 'belum'),
(481, 13, NULL, 25, NULL, 'belum'),
(482, 13, NULL, 26, NULL, 'belum'),
(483, 13, NULL, 27, NULL, 'belum'),
(484, 13, NULL, 28, NULL, 'belum'),
(485, 13, NULL, 29, NULL, 'belum'),
(486, 13, NULL, 30, NULL, 'belum'),
(487, 13, NULL, 31, NULL, 'belum'),
(488, 13, NULL, 32, NULL, 'belum'),
(489, 13, NULL, 33, NULL, 'belum'),
(490, 13, NULL, 34, NULL, 'belum'),
(491, 13, NULL, 35, NULL, 'belum'),
(492, 13, NULL, 36, NULL, 'belum'),
(493, 13, NULL, 37, NULL, 'belum'),
(494, 13, NULL, 38, NULL, 'belum'),
(495, 14, NULL, 1, NULL, 'belum'),
(496, 14, NULL, 2, NULL, 'belum'),
(497, 14, NULL, 3, NULL, 'belum'),
(498, 14, NULL, 4, NULL, 'belum'),
(499, 14, NULL, 5, NULL, 'belum'),
(500, 14, NULL, 6, NULL, 'belum'),
(501, 14, NULL, 7, NULL, 'belum'),
(502, 14, NULL, 8, NULL, 'belum'),
(503, 14, NULL, 9, NULL, 'belum'),
(504, 14, NULL, 10, NULL, 'belum'),
(505, 14, NULL, 11, NULL, 'belum'),
(506, 14, NULL, 12, NULL, 'belum'),
(507, 14, NULL, 13, NULL, 'belum'),
(508, 14, NULL, 14, NULL, 'belum'),
(509, 14, NULL, 15, NULL, 'belum'),
(510, 14, NULL, 16, NULL, 'belum'),
(511, 14, NULL, 17, NULL, 'belum'),
(512, 14, NULL, 18, NULL, 'belum'),
(513, 14, NULL, 19, NULL, 'belum'),
(514, 14, NULL, 20, NULL, 'belum'),
(515, 14, NULL, 21, NULL, 'belum'),
(516, 14, NULL, 22, NULL, 'belum'),
(517, 14, NULL, 23, NULL, 'belum'),
(518, 14, NULL, 24, NULL, 'belum'),
(519, 14, NULL, 25, NULL, 'belum'),
(520, 14, NULL, 26, NULL, 'belum'),
(521, 14, NULL, 27, NULL, 'belum'),
(522, 14, NULL, 28, NULL, 'belum'),
(523, 14, NULL, 29, NULL, 'belum'),
(524, 14, NULL, 30, NULL, 'belum'),
(525, 14, NULL, 31, NULL, 'belum'),
(526, 14, NULL, 32, NULL, 'belum'),
(527, 14, NULL, 33, NULL, 'belum'),
(528, 14, NULL, 34, NULL, 'belum'),
(529, 14, NULL, 35, NULL, 'belum'),
(530, 14, NULL, 36, NULL, 'belum'),
(531, 14, NULL, 37, NULL, 'belum'),
(532, 14, NULL, 38, NULL, 'belum'),
(533, 15, NULL, 1, NULL, 'belum'),
(534, 15, NULL, 2, NULL, 'belum'),
(535, 15, NULL, 3, NULL, 'belum'),
(536, 15, NULL, 4, NULL, 'belum'),
(537, 15, NULL, 5, NULL, 'belum'),
(538, 15, NULL, 6, NULL, 'belum'),
(539, 15, NULL, 7, NULL, 'belum'),
(540, 15, NULL, 8, NULL, 'belum'),
(541, 15, NULL, 9, NULL, 'belum'),
(542, 15, NULL, 10, NULL, 'belum'),
(543, 15, NULL, 11, NULL, 'belum'),
(544, 15, NULL, 12, NULL, 'belum'),
(545, 15, NULL, 13, NULL, 'belum'),
(546, 15, NULL, 14, NULL, 'belum'),
(547, 15, NULL, 15, NULL, 'belum'),
(548, 15, NULL, 16, NULL, 'belum'),
(549, 15, NULL, 17, NULL, 'belum'),
(550, 15, NULL, 18, NULL, 'belum'),
(551, 15, NULL, 19, NULL, 'belum'),
(552, 15, NULL, 20, NULL, 'belum'),
(553, 15, NULL, 21, NULL, 'belum'),
(554, 15, NULL, 22, NULL, 'belum'),
(555, 15, NULL, 23, NULL, 'belum'),
(556, 15, NULL, 24, NULL, 'belum'),
(557, 15, NULL, 25, NULL, 'belum'),
(558, 15, NULL, 26, NULL, 'belum'),
(559, 15, NULL, 27, NULL, 'belum'),
(560, 15, NULL, 28, NULL, 'belum'),
(561, 15, NULL, 29, NULL, 'belum'),
(562, 15, NULL, 30, NULL, 'belum'),
(563, 15, NULL, 31, NULL, 'belum'),
(564, 15, NULL, 32, NULL, 'belum'),
(565, 15, NULL, 33, NULL, 'belum'),
(566, 15, NULL, 34, NULL, 'belum'),
(567, 15, NULL, 35, NULL, 'belum'),
(568, 15, NULL, 36, NULL, 'belum'),
(569, 15, NULL, 37, NULL, 'belum'),
(570, 15, NULL, 38, NULL, 'belum'),
(571, 16, NULL, 1, NULL, 'belum'),
(572, 16, NULL, 2, NULL, 'belum'),
(573, 16, NULL, 3, NULL, 'belum'),
(574, 16, NULL, 4, NULL, 'belum'),
(575, 16, NULL, 5, NULL, 'belum'),
(576, 16, NULL, 6, NULL, 'belum'),
(577, 16, NULL, 7, NULL, 'belum'),
(578, 16, NULL, 8, NULL, 'belum'),
(579, 16, NULL, 9, NULL, 'belum'),
(580, 16, NULL, 10, NULL, 'belum'),
(581, 16, NULL, 11, NULL, 'belum'),
(582, 16, NULL, 12, NULL, 'belum'),
(583, 16, NULL, 13, NULL, 'belum'),
(584, 16, NULL, 14, NULL, 'belum'),
(585, 16, NULL, 15, NULL, 'belum'),
(586, 16, NULL, 16, NULL, 'belum'),
(587, 16, NULL, 17, NULL, 'belum'),
(588, 16, NULL, 18, NULL, 'belum'),
(589, 16, NULL, 19, NULL, 'belum'),
(590, 16, NULL, 20, NULL, 'belum'),
(591, 16, NULL, 21, NULL, 'belum'),
(592, 16, NULL, 22, NULL, 'belum'),
(593, 16, NULL, 23, NULL, 'belum'),
(594, 16, NULL, 24, NULL, 'belum'),
(595, 16, NULL, 25, NULL, 'belum'),
(596, 16, NULL, 26, NULL, 'belum'),
(597, 16, NULL, 27, NULL, 'belum'),
(598, 16, NULL, 28, NULL, 'belum'),
(599, 16, NULL, 29, NULL, 'belum'),
(600, 16, NULL, 30, NULL, 'belum'),
(601, 16, NULL, 31, NULL, 'belum'),
(602, 16, NULL, 32, NULL, 'belum'),
(603, 16, NULL, 33, NULL, 'belum'),
(604, 16, NULL, 34, NULL, 'belum'),
(605, 16, NULL, 35, NULL, 'belum'),
(606, 16, NULL, 36, NULL, 'belum'),
(607, 16, NULL, 37, NULL, 'belum'),
(608, 16, NULL, 38, NULL, 'belum'),
(609, 17, NULL, 1, NULL, 'belum'),
(610, 17, NULL, 2, NULL, 'belum'),
(611, 17, NULL, 3, NULL, 'belum'),
(612, 17, NULL, 4, NULL, 'belum'),
(613, 17, NULL, 5, NULL, 'belum'),
(614, 17, NULL, 6, NULL, 'belum'),
(615, 17, NULL, 7, NULL, 'belum'),
(616, 17, NULL, 8, NULL, 'belum'),
(617, 17, NULL, 9, NULL, 'belum'),
(618, 17, NULL, 10, NULL, 'belum'),
(619, 17, NULL, 11, NULL, 'belum'),
(620, 17, NULL, 12, NULL, 'belum'),
(621, 17, NULL, 13, NULL, 'belum'),
(622, 17, NULL, 14, NULL, 'belum'),
(623, 17, NULL, 15, NULL, 'belum'),
(624, 17, NULL, 16, NULL, 'belum'),
(625, 17, NULL, 17, NULL, 'belum'),
(626, 17, NULL, 18, NULL, 'belum'),
(627, 17, NULL, 19, NULL, 'belum'),
(628, 17, NULL, 20, NULL, 'belum'),
(629, 17, NULL, 21, NULL, 'belum'),
(630, 17, NULL, 22, NULL, 'belum'),
(631, 17, NULL, 23, NULL, 'belum'),
(632, 17, NULL, 24, NULL, 'belum'),
(633, 17, NULL, 25, NULL, 'belum'),
(634, 17, NULL, 26, NULL, 'belum'),
(635, 17, NULL, 27, NULL, 'belum'),
(636, 17, NULL, 28, NULL, 'belum'),
(637, 17, NULL, 29, NULL, 'belum'),
(638, 17, NULL, 30, NULL, 'belum'),
(639, 17, NULL, 31, NULL, 'belum'),
(640, 17, NULL, 32, NULL, 'belum'),
(641, 17, NULL, 33, NULL, 'belum'),
(642, 17, NULL, 34, NULL, 'belum'),
(643, 17, NULL, 35, NULL, 'belum'),
(644, 17, NULL, 36, NULL, 'belum'),
(645, 17, NULL, 37, NULL, 'belum'),
(646, 17, NULL, 38, NULL, 'belum'),
(647, 18, NULL, 1, NULL, 'belum'),
(648, 18, NULL, 2, NULL, 'belum'),
(649, 18, NULL, 3, NULL, 'belum'),
(650, 18, NULL, 4, NULL, 'belum'),
(651, 18, NULL, 5, NULL, 'belum'),
(652, 18, NULL, 6, NULL, 'belum'),
(653, 18, NULL, 7, NULL, 'belum'),
(654, 18, NULL, 8, NULL, 'belum'),
(655, 18, NULL, 9, NULL, 'belum'),
(656, 18, NULL, 10, NULL, 'belum'),
(657, 18, NULL, 11, NULL, 'belum'),
(658, 18, NULL, 12, NULL, 'belum'),
(659, 18, NULL, 13, NULL, 'belum'),
(660, 18, NULL, 14, NULL, 'belum'),
(661, 18, NULL, 15, NULL, 'belum'),
(662, 18, NULL, 16, NULL, 'belum'),
(663, 18, NULL, 17, NULL, 'belum'),
(664, 18, NULL, 18, NULL, 'belum'),
(665, 18, NULL, 19, NULL, 'belum'),
(666, 18, NULL, 20, NULL, 'belum'),
(667, 18, NULL, 21, NULL, 'belum'),
(668, 18, NULL, 22, NULL, 'belum'),
(669, 18, NULL, 23, NULL, 'belum'),
(670, 18, NULL, 24, NULL, 'belum'),
(671, 18, NULL, 25, NULL, 'belum'),
(672, 18, NULL, 26, NULL, 'belum'),
(673, 18, NULL, 27, NULL, 'belum'),
(674, 18, NULL, 28, NULL, 'belum'),
(675, 18, NULL, 29, NULL, 'belum'),
(676, 18, NULL, 30, NULL, 'belum'),
(677, 18, NULL, 31, NULL, 'belum'),
(678, 18, NULL, 32, NULL, 'belum'),
(679, 18, NULL, 33, NULL, 'belum'),
(680, 18, NULL, 34, NULL, 'belum'),
(681, 18, NULL, 35, NULL, 'belum'),
(682, 18, NULL, 36, NULL, 'belum'),
(683, 18, NULL, 37, NULL, 'belum'),
(684, 18, NULL, 38, NULL, 'belum'),
(685, 19, NULL, 1, NULL, 'belum'),
(686, 19, NULL, 2, NULL, 'belum'),
(687, 19, NULL, 3, NULL, 'belum'),
(688, 19, NULL, 4, NULL, 'belum'),
(689, 19, NULL, 5, NULL, 'belum'),
(690, 19, NULL, 6, NULL, 'belum'),
(691, 19, NULL, 7, NULL, 'belum'),
(692, 19, NULL, 8, NULL, 'belum'),
(693, 19, NULL, 9, NULL, 'belum'),
(694, 19, NULL, 10, NULL, 'belum'),
(695, 19, NULL, 11, NULL, 'belum'),
(696, 19, NULL, 12, NULL, 'belum'),
(697, 19, NULL, 13, NULL, 'belum'),
(698, 19, NULL, 14, NULL, 'belum'),
(699, 19, NULL, 15, NULL, 'belum'),
(700, 19, NULL, 16, NULL, 'belum'),
(701, 19, NULL, 17, NULL, 'belum'),
(702, 19, NULL, 18, NULL, 'belum'),
(703, 19, NULL, 19, NULL, 'belum'),
(704, 19, NULL, 20, NULL, 'belum'),
(705, 19, NULL, 21, NULL, 'belum'),
(706, 19, NULL, 22, NULL, 'belum'),
(707, 19, NULL, 23, NULL, 'belum'),
(708, 19, NULL, 24, NULL, 'belum'),
(709, 19, NULL, 25, NULL, 'belum'),
(710, 19, NULL, 26, NULL, 'belum'),
(711, 19, NULL, 27, NULL, 'belum'),
(712, 19, NULL, 28, NULL, 'belum'),
(713, 19, NULL, 29, NULL, 'belum'),
(714, 19, NULL, 30, NULL, 'belum'),
(715, 19, NULL, 31, NULL, 'belum'),
(716, 19, NULL, 32, NULL, 'belum'),
(717, 19, NULL, 33, NULL, 'belum'),
(718, 19, NULL, 34, NULL, 'belum'),
(719, 19, NULL, 35, NULL, 'belum'),
(720, 19, NULL, 36, NULL, 'belum'),
(721, 19, NULL, 37, NULL, 'belum'),
(722, 19, NULL, 38, NULL, 'belum'),
(723, 20, NULL, 1, NULL, 'belum'),
(724, 20, NULL, 2, NULL, 'belum'),
(725, 20, NULL, 3, NULL, 'belum'),
(726, 20, NULL, 4, NULL, 'belum'),
(727, 20, NULL, 5, NULL, 'belum'),
(728, 20, NULL, 6, NULL, 'belum'),
(729, 20, NULL, 7, NULL, 'belum'),
(730, 20, NULL, 8, NULL, 'belum'),
(731, 20, NULL, 9, NULL, 'belum'),
(732, 20, NULL, 10, NULL, 'belum'),
(733, 20, NULL, 11, NULL, 'belum'),
(734, 20, NULL, 12, NULL, 'belum'),
(735, 20, NULL, 13, NULL, 'belum'),
(736, 20, NULL, 14, NULL, 'belum'),
(737, 20, NULL, 15, NULL, 'belum'),
(738, 20, NULL, 16, NULL, 'belum'),
(739, 20, NULL, 17, NULL, 'belum'),
(740, 20, NULL, 18, NULL, 'belum'),
(741, 20, NULL, 19, NULL, 'belum'),
(742, 20, NULL, 20, NULL, 'belum'),
(743, 20, NULL, 21, NULL, 'belum'),
(744, 20, NULL, 22, NULL, 'belum'),
(745, 20, NULL, 23, NULL, 'belum'),
(746, 20, NULL, 24, NULL, 'belum'),
(747, 20, NULL, 25, NULL, 'belum'),
(748, 20, NULL, 26, NULL, 'belum'),
(749, 20, NULL, 27, NULL, 'belum'),
(750, 20, NULL, 28, NULL, 'belum'),
(751, 20, NULL, 29, NULL, 'belum'),
(752, 20, NULL, 30, NULL, 'belum'),
(753, 20, NULL, 31, NULL, 'belum'),
(754, 20, NULL, 32, NULL, 'belum'),
(755, 20, NULL, 33, NULL, 'belum'),
(756, 20, NULL, 34, NULL, 'belum'),
(757, 20, NULL, 35, NULL, 'belum'),
(758, 20, NULL, 36, NULL, 'belum'),
(759, 20, NULL, 37, NULL, 'belum'),
(760, 20, NULL, 38, NULL, 'belum'),
(761, 21, NULL, 1, NULL, 'belum'),
(762, 21, NULL, 2, NULL, 'belum'),
(763, 21, NULL, 3, NULL, 'belum'),
(764, 21, NULL, 4, NULL, 'belum'),
(765, 21, NULL, 5, NULL, 'belum'),
(766, 21, NULL, 6, NULL, 'belum'),
(767, 21, NULL, 7, NULL, 'belum'),
(768, 21, NULL, 8, NULL, 'belum'),
(769, 21, NULL, 9, NULL, 'belum'),
(770, 21, NULL, 10, NULL, 'belum'),
(771, 21, NULL, 11, NULL, 'belum'),
(772, 21, NULL, 12, NULL, 'belum'),
(773, 21, NULL, 13, NULL, 'belum'),
(774, 21, NULL, 14, NULL, 'belum'),
(775, 21, NULL, 15, NULL, 'belum'),
(776, 21, NULL, 16, NULL, 'belum'),
(777, 21, NULL, 17, NULL, 'belum'),
(778, 21, NULL, 18, NULL, 'belum'),
(779, 21, NULL, 19, NULL, 'belum'),
(780, 21, NULL, 20, NULL, 'belum'),
(781, 21, NULL, 21, NULL, 'belum'),
(782, 21, NULL, 22, NULL, 'belum'),
(783, 21, NULL, 23, NULL, 'belum'),
(784, 21, NULL, 24, NULL, 'belum'),
(785, 21, NULL, 25, NULL, 'belum'),
(786, 21, NULL, 26, NULL, 'belum'),
(787, 21, NULL, 27, NULL, 'belum'),
(788, 21, NULL, 28, NULL, 'belum'),
(789, 21, NULL, 29, NULL, 'belum'),
(790, 21, NULL, 30, NULL, 'belum'),
(791, 21, NULL, 31, NULL, 'belum'),
(792, 21, NULL, 32, NULL, 'belum'),
(793, 21, NULL, 33, NULL, 'belum'),
(794, 21, NULL, 34, NULL, 'belum'),
(795, 21, NULL, 35, NULL, 'belum'),
(796, 21, NULL, 36, NULL, 'belum'),
(797, 21, NULL, 37, NULL, 'belum'),
(798, 21, NULL, 38, NULL, 'belum'),
(799, 22, NULL, 1, NULL, 'belum'),
(800, 22, NULL, 2, NULL, 'belum'),
(801, 22, NULL, 3, NULL, 'belum'),
(802, 22, NULL, 4, NULL, 'belum'),
(803, 22, NULL, 5, NULL, 'belum'),
(804, 22, NULL, 6, NULL, 'belum'),
(805, 22, NULL, 7, NULL, 'belum'),
(806, 22, NULL, 8, NULL, 'belum'),
(807, 22, NULL, 9, NULL, 'belum'),
(808, 22, NULL, 10, NULL, 'belum'),
(809, 22, NULL, 11, NULL, 'belum'),
(810, 22, NULL, 12, NULL, 'belum'),
(811, 22, NULL, 13, NULL, 'belum'),
(812, 22, NULL, 14, NULL, 'belum'),
(813, 22, NULL, 15, NULL, 'belum'),
(814, 22, NULL, 16, NULL, 'belum'),
(815, 22, NULL, 17, NULL, 'belum'),
(816, 22, NULL, 18, NULL, 'belum'),
(817, 22, NULL, 19, NULL, 'belum'),
(818, 22, NULL, 20, NULL, 'belum'),
(819, 22, NULL, 21, NULL, 'belum'),
(820, 22, NULL, 22, NULL, 'belum'),
(821, 22, NULL, 23, NULL, 'belum'),
(822, 22, NULL, 24, NULL, 'belum'),
(823, 22, NULL, 25, NULL, 'belum'),
(824, 22, NULL, 26, NULL, 'belum'),
(825, 22, NULL, 27, NULL, 'belum'),
(826, 22, NULL, 28, NULL, 'belum'),
(827, 22, NULL, 29, NULL, 'belum'),
(828, 22, NULL, 30, NULL, 'belum'),
(829, 22, NULL, 31, NULL, 'belum'),
(830, 22, NULL, 32, NULL, 'belum'),
(831, 22, NULL, 33, NULL, 'belum'),
(832, 22, NULL, 34, NULL, 'belum'),
(833, 22, NULL, 35, NULL, 'belum'),
(834, 22, NULL, 36, NULL, 'belum'),
(835, 22, NULL, 37, NULL, 'belum'),
(836, 22, NULL, 38, NULL, 'belum');

--
-- Indexes for dumped tables
--

--
-- Indexes for table `anaks`
--
ALTER TABLE `anaks`
  ADD PRIMARY KEY (`id`),
  ADD KEY `id_user` (`id_user`);

--
-- Indexes for table `artikel`
--
ALTER TABLE `artikel`
  ADD PRIMARY KEY (`id`);

--
-- Indexes for table `jenis_vaksin`
--
ALTER TABLE `jenis_vaksin`
  ADD PRIMARY KEY (`id`);

--
-- Indexes for table `posyandu`
--
ALTER TABLE `posyandu`
  ADD PRIMARY KEY (`id`);

--
-- Indexes for table `user_account`
--
ALTER TABLE `user_account`
  ADD PRIMARY KEY (`id`);

--
-- Indexes for table `vaksinasi`
--
ALTER TABLE `vaksinasi`
  ADD PRIMARY KEY (`id`),
  ADD KEY `id_posyandu` (`id_posyandu`),
  ADD KEY `id_jenis` (`id_jenis`);

--
-- Indexes for table `vaksin_anak`
--
ALTER TABLE `vaksin_anak`
  ADD PRIMARY KEY (`id`),
  ADD KEY `id_anak` (`id_anak`),
  ADD KEY `id_posyandu` (`id_posyandu`),
  ADD KEY `id_jenis` (`id_jenis`);

--
-- AUTO_INCREMENT for dumped tables
--

--
-- AUTO_INCREMENT for table `anaks`
--
ALTER TABLE `anaks`
  MODIFY `id` int(11) NOT NULL AUTO_INCREMENT, AUTO_INCREMENT=23;

--
-- AUTO_INCREMENT for table `artikel`
--
ALTER TABLE `artikel`
  MODIFY `id` int(11) NOT NULL AUTO_INCREMENT, AUTO_INCREMENT=12;

--
-- AUTO_INCREMENT for table `jenis_vaksin`
--
ALTER TABLE `jenis_vaksin`
  MODIFY `id` int(11) NOT NULL AUTO_INCREMENT, AUTO_INCREMENT=39;

--
-- AUTO_INCREMENT for table `posyandu`
--
ALTER TABLE `posyandu`
  MODIFY `id` int(11) NOT NULL AUTO_INCREMENT, AUTO_INCREMENT=38;

--
-- AUTO_INCREMENT for table `user_account`
--
ALTER TABLE `user_account`
  MODIFY `id` int(11) NOT NULL AUTO_INCREMENT, AUTO_INCREMENT=30;

--
-- AUTO_INCREMENT for table `vaksinasi`
--
ALTER TABLE `vaksinasi`
  MODIFY `id` int(11) NOT NULL AUTO_INCREMENT, AUTO_INCREMENT=799;

--
-- AUTO_INCREMENT for table `vaksin_anak`
--
ALTER TABLE `vaksin_anak`
  MODIFY `id` int(11) NOT NULL AUTO_INCREMENT, AUTO_INCREMENT=837;

--
-- Constraints for dumped tables
--

--
-- Constraints for table `anaks`
--
ALTER TABLE `anaks`
  ADD CONSTRAINT `anaks_ibfk_1` FOREIGN KEY (`id_user`) REFERENCES `user_account` (`id`);

--
-- Constraints for table `vaksinasi`
--
ALTER TABLE `vaksinasi`
  ADD CONSTRAINT `vaksinasi_ibfk_1` FOREIGN KEY (`id_posyandu`) REFERENCES `posyandu` (`id`),
  ADD CONSTRAINT `vaksinasi_ibfk_2` FOREIGN KEY (`id_jenis`) REFERENCES `jenis_vaksin` (`id`);

--
-- Constraints for table `vaksin_anak`
--
ALTER TABLE `vaksin_anak`
  ADD CONSTRAINT `vaksin_anak_ibfk_1` FOREIGN KEY (`id_anak`) REFERENCES `anaks` (`id`),
  ADD CONSTRAINT `vaksin_anak_ibfk_2` FOREIGN KEY (`id_posyandu`) REFERENCES `posyandu` (`id`),
  ADD CONSTRAINT `vaksin_anak_ibfk_3` FOREIGN KEY (`id_jenis`) REFERENCES `jenis_vaksin` (`id`);
COMMIT;

/*!40101 SET CHARACTER_SET_CLIENT=@OLD_CHARACTER_SET_CLIENT */;
/*!40101 SET CHARACTER_SET_RESULTS=@OLD_CHARACTER_SET_RESULTS */;
/*!40101 SET COLLATION_CONNECTION=@OLD_COLLATION_CONNECTION */;
